story	message
Not sure which is scarier. The new Annabelle movie or Arsenal defending. :/	
Thuppuchikku Thuppuchikku Bigg Boss	
THupuchikku thuppikku bigg boss	
Adichu vidunga da pera pasangala

varunotelli.sarahah.com	
Oooh to be a gooner <3	
Hello world	
Hello everyone!	
Varun Suresh shared LADbible's video.	
Hello World	
He had to fall to lose it all. RIP Chester Bennington. You will be missed	
Varun Suresh shared Engineering facts and comedy dialouges in movies.'s photo.	

Aaahh the memories on these photos r killing me	
Varun Suresh shared E l a n e e r  M E M E S's video.	
Varun Suresh shared Kaala Koduma Kathiravaa's photo.	
Varun Suresh shared Phone Wire Pinchi Oru Vaaram Aachu's photo.	


Dei jadeja..Nee bowling um seryaa poda maata, batting la run adikka maata, run adikkaravanayum run out  aakiduva..Won't be surprised if jadeja says "inshallah boys played well" :/	
Varun Suresh shared Nee Enna Avalo Periya AppaTakkara's photo.	
Varun Suresh shared Cricket Addictor's photo.	
Varun Suresh shared Troll Cricket Tamil Version 2.0's photo.	
Varun Suresh shared Unknown Facts's photo.	Meme aa irundhaalum oru nyaayam venaamaa	
Varun Suresh shared Cricket Addictor's photo.	
Varun Suresh is with Kshitij Swamy.	Innikku edho friendversaryaam. treat thaa da kshitij fellow :P	
Varun Suresh shared Tamilbox's video.	
Varun Suresh shared Engineering facts and comedy dialouges in movies.'s photo.	
Varun Suresh shared Don't Trust me, I am a Troller's photo.	Word.	
Varun Suresh shared Sarcasm Society's photo.	
Varun Suresh shared Aahaan's photo.	Bangam xD	
Varun Suresh shared Accounts of A Workaholic's photo.	
Oru channel podhaadhu nnu innoru channel aa	
Not sure if Bangladesh or RCB	
Varun Suresh shared Meme Engineer's photo.	
Varun Suresh shared RVCJ Media's post.	
Next year csk daaw nnu solli manasa thethikka vendiyadhu dhaan :(	
Mitchell Johnson finals la mattum dhaan form kku vaurviaa :/	
Ash Ketchum is actually the RCB of the Pokemon league.	
Back to the roots	
Varun Suresh shared RVCJ Media's photo.	
Varun Suresh shared E l a n e e r  M E M E S's photo.	
Varun Suresh shared Sarcasm Society's photo.	
Varun Suresh shared Cartoon Memes's photo.	
Varun Suresh shared Warning: Do not like this page, you will die of laughter.'s photo.	
Varun Suresh shared Friend'u Love Matter'u Feel Aietapulla Oru Half Sapta Cool Aieduvapulla's photo.	
Varun Suresh shared Youth Ki Awaaz's post.	
49 the favourite number for Arsenal fans but the most hated number for RCB fans xD	
Varun Suresh shared Kaala Koduma Kathiravaa's photo.	
Varun Suresh shared MS Dhoni - Best Finisher's photo.	Dai Unakku vekkamae illaya da?
Thu.

#MSD7
#SaavuDaGoenka	
Varun Suresh shared Troll Football - Tamil's photo.	
What an assist by the asst ref 
#2-2
#RMvsBAY	
Varun Suresh shared Dank Meme Street's photo.	True AF	
Varun Suresh shared Anti Gormint's photo.	
:*	
Varun Suresh shared Confused Aatma's photo.	
Varun Suresh shared Troll Cricket Tamil Version's photo.	
Varun Suresh shared Meme Engineer's photo.	
Varun Suresh shared Ashwin Ravi's photo.	
Varun Suresh shared Ｄａｎｋ Ｔａｍｉｚｈａｎ's photo.	
Varun Suresh shared Turn-Pro's video.	
Varun Suresh shared Troll Football India's photo.	
Varun Suresh shared Don't Trust me, I am a Troller's photo.	
Varun Suresh shared Sarcasm Society's photo.	
Varun Suresh shared Adei Berikka Mandaya's photo.	
Varun Suresh shared ScoopWhoop Humor's photo.	
Varun Suresh shared Cartoon Memes's photo.	
Varun Suresh shared Unofficial: Bombay High Court's post.	Saarndhorkku mattum	
Varun Suresh shared Don't Trust me, I am a Troller's photo.	
Varun Suresh shared MS Dhoni - Best Finisher's photo.	
Thala msd steps down as captain.
Bad start to 2017 already :'(
#MSDianForever	
Varun Suresh shared Srini Mama's photo.	
Varun Suresh shared RVCJ Media's photo.	
Varun Suresh shared Sarcasm Society's photo.	
Varun Suresh shared Confused Aatma's photo.	
Varun Suresh shared Troll Football - Tamil's photo.	
Varun Suresh shared RVCJ Media's photo.	
Varun Suresh shared Programming Geeks's photo.	
Varun Suresh shared Troll Football India's photo.	Whut? O.o	
Varun Suresh shared Troll Football - Tamil's photo.	
Varun Suresh shared Enga Ooru Madrasu's photo.	
Varun Suresh shared a link.	
Varun Suresh shared Iam குண்டலகேசி 2nd Std அவ்வையார் ஆரம்ப பாட சாலை's photo.	
#yearinreview2016	
Varun Suresh shared Engineering facts and comedy dialouges in movies.'s photo.	
Varun Suresh shared Engineering facts and comedy dialouges in movies.'s photo.	
Varun Suresh shared Varun Agarwal's photo.	
Varun Suresh shared Srini Mama's photo.	
Varun Suresh shared Chennai Pasanga Da's photo.	
"Seiveergala?!?" Will be a question which will be missed for a long time :(
#RIPAmma	
Varun Suresh shared Vijender Singh's photo.	
Varun Suresh shared Programming Geeks's photo.	
Varun Suresh shared The Trollers's photo.	
Varun Suresh shared Vadai Poche's photo.	
Varun Suresh shared Engineering facts and comedy dialouges in movies.'s photo.	
Varun Suresh shared Kaatu Poochi's photo.	
Varun Suresh shared Troll Football - Tamil's photo.	
Varun Suresh shared English Pesinaalum Tamizhan Da's photo.	
Varun Suresh shared Aahaan's photo.	
Varun Suresh shared Chennai Pasanga Da's photo.	
Varun Suresh shared www.wiseshe.com's photo.	
Varun Suresh shared ScoopWhoop's photo.	
Varun Suresh shared RVCJ Media's photo.	
Varun Suresh shared 9GAG's photo.	
Varun Suresh shared RVCJ Media's photo.	
Varun Suresh shared Troll Cricket Tamil Version's photo.	
Varun Suresh shared Engineering facts and comedy dialouges in movies.'s photo.	
Dancing skills like Abhishek

Akshay Kumar Syed Ashik	
Varun Suresh shared Warning: Do not like this page, you will die of laughter.'s photo.	
Varun Suresh shared Engineering facts and comedy dialouges in movies.'s photo.	#ssn	
Varun Suresh shared Rashtreeya Kkaaran's photo.	
Varun Suresh shared Engineering facts and comedy dialouges in movies.'s photo.	
Missing rain God Ramanan at the moment	
Varun Suresh shared Srini Mama's photo.	
Varun Suresh shared Kapil Sharma V/s CID Jokes's photo.	
Varun Suresh shared That Dope Indian Dude's photo.	
Varun Suresh shared 9GAG's photo.	
Varun Suresh shared RVCJ Media's photo.	But u can't see him	
#brexit from EU.Now   #brexit from Euro xD	
Iceland <3	
Varun Suresh shared Manitha kadavul ajith oda akrosha bakthan's photo.	Room potu yosipaangalo	
Sony ESPN Tamil commentary is scarier than engineering :o

"Innum anju minisham dhaan irukku"
#facepalm	
Varun Suresh shared 9GAG's photo.	Right in the feels
 :'(	
Varun Suresh shared Premier Football's photo.	
Varun Suresh shared Troll Football - Tamil's photo.	manda bathram	
Varun Suresh shared IIT JEE's photo.	Weapon of math destruction	
Varun Suresh shared Engineering facts and comedy dialouges in movies.'s photo.	
Varun Suresh shared Sarcasm's photo.	
Varun Suresh shared RVCJ Media's photo.	
When ur studying for programming with data structures the only hash tag u can put is 
#include	
Varun Suresh shared SPORTbible's video.	
M2 xD	
I think the mauka mauka ad will be up if atletico meet real again	
Varun Suresh shared Oslo Freedom Forum's photo.	
Captain duck out in this innings....	
Varun Suresh shared YePdI dA bItTU yEduThUtU pOYum fAil U aAgUrA's photo.	
Meanwhile captain TV has stopped telecasting the results	
Varun Suresh shared The Troll Files's photo.	
Here we go again :(
All exams on 23.5.2016 postponed to 1.7.2016

Bad rain and bad elections both played basketball in the my life
#AnnaUniversity
#HateAU	
Happy St. Totteringhams day everyone 
#COYG	
RCB playing like cricket 07 with cheat code :o	
Seriously I don't find the reason why a computer science engineering student should know about the manufacture of cements and glass :/
#SEM
#AnnaUniversity	
Varun Suresh shared Sarcasm's photo.	
Varun Suresh shared Be like sagala B-)'s photo.	
Varun Suresh updated his profile picture.	Starting my life as a PSBBian 13 years ago :)	
Am I the only one who was gonna say "readymade aduppu da" in kabali teaser
#KabaliDa	
Varun Suresh shared Phewwww's photo.	
Enna ma ippadi pannreengalae ma	
Varun Suresh shared The Janglee Movement's photo.	
Thanks to all those who wished me yesterday :)	
You know you're an engineer when ur new year's day plan is a date with the engineering math text book
#HappyNewYear2k16	
Learnt the exact meaning of vechu senjing after seeing the rescheduled anna university timetable	

Varun Suresh marked himself safe during Chennai Flooding.	
We will rise from the ashes
#staysafe
#chennairains	
A few national news channels have finally started covering the Chennai rains after so long	
Error 404: road not found
#flooding
#chennairains	
Now yeah you're obviously reading this... pls comment a memory of us even if we don't speak much  _/\_ when you're done repost nd check out what people think about u.. :) pls don't embarrass me :p	
Varun Suresh updated his profile picture.	
Chennai is ambi in the morning and anniyan in the evening
#chennairains	
Varun Suresh shared Engineering facts and comedy dialouges in movies.'s photo.	
Bad ramanan n bad Anna university both played basketball in The my life
#exam_postponed_again :(	
Varun Suresh shared Just Tamil Cinema's photo.	
Heavens are celebrating a late diwali I guess
#lightning
#thunder	
Varun Suresh shared Rascalas's photo.	
When a linkin park fan studying in SSN sees rain holiday for kanchipuram district he knows that in the end it doesn't even matter
#hating_SSN	
Not sure if it's 1:20 or 6:20 #dark #monsoon	
Varun Suresh shared Nee Enna Avalo Periya AppaTakkara's photo.	Every time xD	
Varun Suresh shared 9GAG's photo.	
Varun Suresh shared Sid Said Sid Productions's photo.	DJ Gandhi xD	
A minute silence for those who think college life is exactly what they show in movies
#survival	
Holiday in kanchipuram matters more than holiday in Chennai #SSN_FEELS	
Monsoon is the season where ramanan becomes god and news channels become temples #rain	
Varun Suresh updated his profile picture.	Cling to your imperfections.
They're what makes you unique

PC&EC- Akshay Kumar	
Varun Suresh shared Timepass Online's photo.	
Sad to hear Dr. APJ Abdul kalam has passed away. The man who I always wanted to meet...a role model to all...sad that he couldn't see India become a superpower in 2020:(  :(
#RIP	
Varun Suresh updated his profile picture.	
Wishing MS Dhoni the man who has fans like none other and haters like no other person a happy birthday!!!
#MSD	
Varun Suresh shared ScienceDump's photo.	
SSN College of Engineering class of 2019
School life nee poda poda...college life nee vada vada
#CS	
Varun Suresh added a new photo — with Hemeshwar Mahesh and 2 others.	
Varun Suresh shared a link.	
Varun Suresh shared 9GAG's photo.	Anerudh Vijayaraghavan	
Varun Suresh shared Being Indian's photo.	
Varun Suresh shared Ghost Gopaal Varma's photo.	roflmax	
Varun Suresh shared The BACK Benchers's photo.	
Varun Suresh shared Don't Trust me, I am a Troller's photo.	sathya sodhanai	
Varun Suresh shared Grammarly's photo.	mudila da Anerudh Vijayaraghavan	
Varun Suresh shared World Of Puns's photo.	Anand Subramanian Hemeshwar Mahesh	
the man who has eaten everything other than humans

Happy bday bear grylls!!:)	
my thalaivan Kshitij Swamy
pls subscribe :)	
dunno whether to feel happy for xavi or feel sad for pirlo
#UCL	
Varun Suresh shared The BACK Benchers's photo.	board practical exam nightmare... sekar sir _/\_	
Varun Suresh shared Being Indian's photo.	true story	
MAGGI- dressed in yellow, red and lead :3	
12th std marksheet, tc etc are ready...pls go and get it whenever possible
#PSBBNGM	
Combined Test runs - 18,956
Combined ODI runs - 16,069
Combined Test 100s - 52
Combined ODI 100s - 21
Combined Test 50s - 97
Combined ODI 50s - 95
Combined Test wickets - 151
Combined ODI wickets - 280

Happy Birthday Mark & Steve Waugh!	
Varun Suresh shared Indian Memes's photo.	mudiyala pa	
Varun Suresh shared SPORTbible's video.	Anerudh Vijayaraghavan Vèñkat Wolveriñè Shashank Paanda	
result vandhaa solli anuppu...uyiroda irundhaal varugiraen :3	
hello cbseaa?? eppo sir result poduveenga?	
pacha molagaai kaaram 12 mani neram	
Varun Suresh shared Ennachi's photo.	
Michael Hussey and wine have a similarity. Both of them become better with age
#VeraLevelCatch
#CSKvsRCB	
Mumbai played with 2 umpires on their team!!!
#Unfair
#MIvsCSK	
cbse result varuuuuum aanaa varaadhu -_-	
Varun Suresh shared The BACK Benchers's photo.	pointer irukku aanaa illa
xD	
RCB and rain like madhanbob and Vadivelu in "Giri"
#RCBvsDD	
thank you Thushar Kanth for nominating me

HAVE I EVER:
Kissed someone: NO
Been Drunk: NO
Cried Myself to Sleep: maybe...i dont remember actually
Self harmed: NO
Felt lonley: YES
Been depressed: NO

WHATS YOUR?
Age: 17
Birthday: 22/1/1998
Relationship status: Single
Biggest fear: DARK
Dream Job: job itself is a dream for me...jk...i really dont know
Dream Car: BMW I8 <3
Dream House: idk

DO YOU?
Like someone: as of now...NO
Love someone: yes...friends and family
Have a boyfriend/girlfriend: NO
Want a boyfriend/girlfriend: dunno
Have a tattoo: no
Have a piercing: no
Party: no

FAVOURITE?
Artist: Coldplay
Movie: Pursuit of Happyness
Song: as of now... Give me everything tonight
TV series: naadhaswaram....jk...i dont watch a lotta tv
Animal: chimpanzee
Book: Da Vinci Code
Colour: Green <3

THIS OR THAT?
Twitter or Facebook: facebook coz im not on twitter
Twitter or Instagram: idk bcoz im not on both :P
Facebook or Instagram: facebook coz im not on insta
Coke or Pepsi: idc
Tea or Coffee: tea
Tacos or Pizza: pizza
Winter or summer: winter

WOULD YOU EVER?
Get married: yes
Have Kids: yes
Swim with sharks: never
Share a banana: maybe
Eat rotten food: never
Marry a foreigner: idk
Smoke pot: never

I NOMINATE: Santhana Gopalan Akshay Kumar Pradhan Narayanaswamy Anerudh Vijayaraghavan Syed Ashik Hemeshwar Mahesh

The whole thing with only the ques will be pasted in the comments!	
Like for tbh :P
#AvloVetti	
Varun Suresh shared CollegeHumor's video.	Anerudh Vijayaraghavan Hemeshwar Mahesh Magesh Adithya	
Salman then,Amma now,Vaalu when?
#Amma
#Vaalu	
Not sure if IPL or NBA!!
Mottai Bravo illa da Ketta Bravo!
#CSKvsRR	
Thalapathy, Baasha, Nayagan 
Best sunday ever!!!
#SunTV
#KTV	
Ellaa bombsum eduthaachu...Alekhum Salaam
#Baasha B|	
Varun Suresh shared The BACK Benchers's photo.	Shruthi Sankar Shreyas Madhavan Magesh Adithya Anerudh Vijayaraghavan	
Form is temporary but class is permanent
Welcome back Sunil Narine!
4 overs 4/19
#KKRvsKXIP	
Varun Suresh shared Stories That Surprised The World's video.	im laughin more tha i should!!
Anerudh Vijayaraghavan Santhana Gopalan	
Kshitij Swamy Shreyas Madhavan

any day rangu rakkara da
	
UEFA Champions League is the only time when tuesdays and wednesdays are better than weekends
#ChampionsLeague
#JuvRMA	
Manny Pacquiao didn't win the match but won our hearts...
Makkalin Mudhalvar ;)
#ThideerBoxingFan	
Teams having 2 or 3 R's in their names seem to be plagued by rain :/
Royal ChallengeRs BangaloRe - 2 times
Kolkata Knight RideRs - 2 times
Rajasthan Royals - 2 times	
11,953 Test runs - the most by any West Indies batsman
10,405 ODI runs - the most by any West Indies batsman
400* - the highest individual score in Test cricket
501* - the highest individual score in First-class cricket

Happy Birthday Brian Lara!	
Anand Subramanian Hemeshwar Mahesh

no cross questions	
Varun Suresh shared The BACK Benchers's photo.	true story!!	
Zak is back!!
4-0-17-2
#DDvsKXIP	
thala porandhaa vazhi porakkum

happy bday thala :)	
dwayne smith thought it was trial ball and found out it was all reals

0-1
#KKRvsCSK	
Bravo by Name Bravo by game!! 

#CSKvsKKR	
Adithya Venkat Anirudh D. Srivatsaa Krishnakumar Ramachandran Ram Janarthan Aditya Jayakrishnan

	
Magesh Adithya Hemeshwar Mahesh Anerudh Vijayaraghavan Karthik Sridhar
	
who is the father of india? gandhi? No!! Jonty rhodes is!!
#BabyDaughter
#JontyRhodes
#India	
Varun Suresh shared Smart Iyer Boy's photo.	life of kumo XD

Anerudh Vijayaraghavan	
the only 2 questions that i asked if i didn't watch an India match
1."what is india's score?"
2."what is sachin's score?"

You are the reason why i drink boost till today
HBD master blaster :)	
Varun Suresh shared Chennai Memes's photo.	Anerudh Vijayaraghavan Pradhan Narayanaswamy Kshitij Swamy Hemeshwar Mahesh Magesh Adithya Abhishek Shankar

Edwin XD	
Varun Suresh shared Room Poottu Yosippaangalo.'s video.	sidhu just got owned	
Sarfaraz Khan 17 years  plays for RCB and i'm 17 sitting here studying physics
#RCBvsCSK	
Varun Suresh shared Laughing Colours's photo.	Anerudh Vijayaraghavan Shreyas Madhavan	
WHAT.THE.FAF!!
#MIvsCSK	
Varun Suresh shared The BACK Benchers's photo.	you da real MVP	
2 Bundesliga titles
1 German Cup 
3 German Super Cups 
UEFA Champions League  finalist
2 time manager of the year

Klopp leaving Borussia :(
#feels	
Varun Suresh shared Nee Enna Avalo Periya AppaTakkara's photo.	
"vayasaanaalum unn style-um azhagum unna vittu pogala"

what a stop viru bhai!!
#RRvsKXIP	
south Africans always win hearts not the match... 
#WellPlayedAlbie
#CSKvsDD	
"Bowled him and shattered the stumps".
 i guess Mark Nicholas will no longer have Richie Benaud along side him again.
#cricket07
#RIP	

Varun Suresh updated his cover photo.	
Varun Suresh updated his profile picture.	Rules are for people who don't know what to do

PC: Magesh Adithya	
Varun Suresh shared SPORTbible's photo.	Anerudh Vijayaraghavan

even kumo can giv a bttr punchline	
Varun Suresh shared ScienceDump's photo.	Anerudh Vijayaraghavan

kaapaathu da!!	
Varun Suresh shared International Cricket's photo.	Big Benn XD	
Varun Suresh shared Football News's video.	
Varun Suresh shared The BACK Benchers's photo.	ivlo ranakalathlaiyum oru gilugiluppu kaekkudhu kohlikku	
Varun Suresh shared RVCJ Media's photo.	Akshay Kumar Syed Ashik start music	
bad anushka sharma and bad johnson both
 played basket ball in the kohli life
#IndvsAus	
Varun Suresh shared The BACK Benchers's photo.	sad but true	
Varun Suresh shared Nee Enna Avalo Periya AppaTakkara's photo.	
Varun Suresh shared Borussia Dortmund's video.	Best Crowd in the world!! hope Dortmund doesnt get relegated :)	
It's been a great year! Thanks for being a part of it.	
Varun Suresh updated his cover photo.	
Do u know??
Hughes was 25 years 11 months and 27 days of old it means
25+11+27=63
63* not out forever...	
Happy bday to the late Phillip Hughes
#63* #notoutforever	
Baggy green #408

A left hander who stood so tall.
With grace and beauty played a cricket ball.

Threw the covers and threw point.
You Went past 50 in no time at all.

At 63* you tragically fell, cut down sadly in your prime. In An accident that shocked the world.

With Friends and family by your side. We prayed and hoped that you would be ok, but yet you was taken from us before your time.

In heaven now you find yourself among the greats of the likes of Bradman and W.G Grace.

So for the last time, Pad up, face up and go well Hughesy. Sleep well Baggy green #408

#63*	
Varun Suresh updated his cover photo.	
Varun Suresh added a new photo.	RIP Phillip Phil Hughes	
Varun Suresh shared cricket.com.au's video.	many a manly tear was shed

pls watch for the love of man kind.

love u mate
#hughesy	
RIP phil hughes :'(	
Varun Suresh shared Chennai Memes's photo.	english level: Vignesh Shyam

Anerudh Vijayaraghavan	
get well soon mate!!

	
Varun Suresh added a new photo — with Seetharam Arunachalam and Arunachalam Muthupalaniappan.	
Varun Suresh shared Hot Headed Groudon's photo.	ROFL	
Varun Suresh shared Kaatu Poochi's photo.	physics UT	
Varun Suresh shared The BACK Benchers's photo.	true dat	
Varun Suresh shared Indian Memes's photo.	BADUM TSSS	
Varun Suresh shared Meme Engineer's photo.	
https://www.youtube.com/watch?v=ssGkuBH7ZNs&list=UUEOybdqaN5gxJzi0wUPltmA
#COYG
#Ox	
Varun Suresh is with RJ Balaji.	Awesome time :)	
Varun Suresh shared Hot 104.7 Maine's photo.	
Stay tuned to 92.7 Big FM on Thursday at 5.30 pm to listen to us talk to RJ Balaji. about Murugappa Madras Quotient quiz	
Varun Suresh shared 9GAG's photo.	Go to Hogwarts you're a wizard	
Varun Suresh shared Murugappa Madras Quotient's photo.	Jing Jung Juk 
 2nd place
#MQQ	
Varun Suresh shared Troll Football - Tamil's photo.	LOL
#terry	
Varun Suresh shared Dude Perfect's photo.	archisman	
Varun Suresh is playing Online Soccer Manager (OSM).	
Varun Suresh shared a link.	
Varun Suresh shared Bollywood Gandu's photo.	desi Summer of '69	

ramanujam lost and found notice	
Varun Suresh shared Sportskeeda's photo.	yaaru andha lion dates mixie??	
Varun Suresh shared a link.	
Varun Suresh shared 9GAG's photo.	the claw	
Varun Suresh shared 9GAG's photo.	LOL	
Varun Suresh shared Sportskeeda's photo.	
Varun Suresh shared Sportskeeda's photo.	
Varun Suresh updated his profile picture.	Cling to your imperfections.
They're what makes you unique

PC&EC- Akshay Kumar	
Varun Suresh shared 9GAG's photo.	LOL!! Anerudh Vijayaraghavan	
Manasi Mehta Magesh Adithya Karthik Sridhar Karthik Nishant 12B 2014-15 (PSBB NGM)	
Varun Suresh updated his profile picture.	
Varun Suresh updated his profile picture.	
Varun Suresh shared 9GAG's photo.	i should do this in viva	
Varun Suresh shared 9GAG's photo.	pokeselfie	
Varun Suresh shared 9GAG's photo.	LOL. justin bieber should be a female jigglypuff	
Varun Suresh shared 9GAG's photo.	gonna create Lord of the Harry Wars	
Varun Suresh shared Unofficial: Overly Attached Girlfriend's photo.	pickup line	
Varun Suresh shared 9GAG's photo.	Kung Fu Panda:- match found	
Varun Suresh posted from Astrology.	
Varun Suresh shared We Are TamBrahm's photo.	dafuq	
Varun Suresh shared Sportskeeda's photo.	OMG!!	
Varun Suresh shared Avlo periya appataker ah ne?'s photo.	Karthik Sridhar	
dai it says 2 pts not 20 -_-

@anerudh	
arun<3 ajo
hence proved	
Varun Suresh shared 9GAG's photo.	maybe :P	
Magesh Adithya Hemeshwar Mahesh Bhargav Prakash
	
Varun Suresh shared Smosh's photo.	LOL
Anand Subramanian	
Varun Suresh shared 9GAG's photo.	true dat! :(	
http://9gag.tv/p/98d7j/the-hobbit-misty-mountains-cold-michael-jackson-beat-it-tribute
LOL	
I feel like I must tell the truth to everyone, but not yet.	
Varun Suresh shared 9GAG's photo.	Karthik Nishant Ram Janarthan Anand Subramanian Anerudh Vijayaraghavan	
Varun Suresh shared 9GAG's photo.	Anerudh Vijayaraghavan	
Varun Suresh shared 9GAG's photo.	Rapimir putin	
Varun Suresh shared World Of Puns's photo.	LOL	
if any of ur players are out of form...pls let our indian bowlers bowl to them...they will come back to the best of form...
#IndvsPak
#anticlimax
#BoomBoom	
The idea is to occupy Facebook with Pokemon. Everyone who "likes" this post will receive a Pokemon type and will have to post a picture of their favorite Pokemon of this type to their news feed, with this very text.

I got Dragon, given to me by Aditya Jayakrishnan
Hydreigon is my favourite dragin pokemon because its the only dragoin type that doesnt have 4x damage to ice type moves
i haven't played pokemon X or Y and i don't know of the new type called "fairy" but its levitate ability and high attack and defense stat has always been with me throughout pokemon black....

on the whole...semma gethu \m/	
Pradhan Narayanaswamy Bhargav Prakash Abhishek Shankar Shreyas Madhavan Vishnu Rao Anerudh Vijayaraghavan Veddhanth Kumaramanickavel Hemeshwar Mahesh Vignesh Shyam 

	
Varun Suresh shared a link.	
Varun Suresh shared a link.	
Varun Suresh shared a link.	
Varun Suresh shared Athu Na Illa Ka Vera Yaro's photo.	
sees U-19 world cup south african team in 2000 and finds jonathan trott playin at number 4!!
kieswetter is also in the team..
#adapaavigala	
Varun Suresh shared a link.	
Varun Suresh shared a link.	
Varun Suresh shared a link.	
Here’s my Facebook movie. Find yours at https://facebook.com/lookback/ #FacebookIs10	
Varun Suresh shared a link.	
Varun Suresh shared a link.	
Varun Suresh shared a link.	
Varun Suresh shared a link.	
Varun Suresh shared a link.	
Varun Suresh updated his profile picture.	Feelings are like waves,we cannot stop them from coming but we can choose which one to surf

PC&EC:- Akshay Kumar	
I just voted on a great short story I read on the #NotionPress Social Short Story Contest. Join me in supporting the author.	
2013 has been a year of change for me...from a new school and new friends to old friends who have changed...i would like to thank all my friends in PSBB NGM for not making feel out of place...especially Bhargav Prakash who has been with me through tough times and drops me at school and at classes everyday and i feel sad that i'm unable to repay the favour....i would like to thank Vishnoo Kpb also for being a hospitable host in edwin class...i would to like show my sincere thanks to Pradhan Narayanaswamy for being my first bff in NGM and will always be so.

How can i forget the KKN boys Akshay Kumar  Syed Ashik  Santhana Gopalan  Murali Krishnan  Visnu Bala for allowing me to play at 10th sector and including me in 10E vs 10 H matches??

i would like to thank Anusha Srikanthan who has taught me chemistry and physics for long hours on the phone :)

Last but not the least i would like to thank all the teachers who have taught me in 11th and have been very kind to me

I hope 2014 will be a year to look forward to and cherish throughout my life :)	
Varun Suresh posted from Astrology.	
Varun Suresh shared Indian Memes's photo.	LOL!	
Varun Suresh shared My room was clean, but then i needed something....'s photo.	Santhana Gopalan  remember anuradha??	
addicted to cricket 07	
Varun Suresh shared 9GAG's photo.	my god!!	
Varun Suresh shared My room was clean, but then i needed something....'s photo.	:'(	
Varun Suresh shared My room was clean, but then i needed something....'s photo.	oho	
Varun Suresh shared நாட்டாமை's photo.	cricket vs kollywood	
Varun Suresh shared Dei Unakku Vekkame Illaya Da's photo.	Vignesh Shyam
#AMTI	
Varun Suresh is with Seetharam Arunachalam.	Saarang cricket quiz 4th place	
Varun Suresh shared A.R. Rahman's photo.	proud to b indian :)	
Fastest hundreds in this series (By Indian)
.
.
.
.
Virat Kohli 52 balls
.
.
.
Vinay Kumar 54 balls

:D	
Varun Suresh updated his profile picture.	Cling to your imperfections.
They're what makes you unique

PC&EC- Akshay Kumar	
Varun Suresh updated his cover photo.	
Varun Suresh updated his profile picture.	
like For An Answer xD
How we met :
Name in brain :
Who you are to me :
One word that describes you :
First memory :
First impression :
How close we are out of ten :	
Varun Suresh posted from 21 questions.	
Varun Suresh shared RVCJ Media's photo.	:(
	
Raja Rani :')
 10/10
#mustwatch
#jairox	
Varun Suresh shared RVCJ Media's photo.	
Varun Suresh shared RVCJ Media's photo.	
Sachin Tendulkar
last IPL game - Won
Last ODI game - Won
Only T20I - Won
Last CLT20 game - Won
Last World Cup- Won

Rahul Dravid
Last IPL game - Lost
Last ODI game - Lost
Last Test match - Lost
Only T20I - Lost
Last CLT20 game - Lost
Last World Cup- Lost

The man who gave everything for his team never got what he deserved..
No Worldcup, No IPL, No CLT20, No Champions Trophy but Still he lives in Heart of Fans.. \m/
If cricket is gentlemen's game than Dravid was that gentlemen.!!	
Varun Suresh shared RVCJ Media's photo.	EPIC XD	
Indru Oru Thagaval:
Minnala partha kannu poidum,
Paakkalana!
Minnal poidum...

Athey mathiri dhan Figura partha Life poidum,
Life a partha Figuru poidum!!!

"Ethu than vazkai"
courtesy : Premgi Amaren	
shouldn't have put that status :/	
Varun Suresh shared The Troll Files's photo.	Pradhan Narayanaswamy	
Varun Suresh shared Kaatu Poochi's photo.	koopta maadhiri irundhudhu	
Varun Suresh shared Cricket Debate's photo.	
Learnt an important lesson in my life...

when u leave skool...u find a change in ur old frends..sum forget the fact dat they trusted u with their secrets once upon a time..sum forget that they hated u...sum forget the memories u had with them..sum even forget that u actually existed..people who were funny become mokkai for them...people who u n frend bitched about..bcum their bffs...i would like to thank my so called 'bffs' n 'frends' for making me feel this way....

Moral:out of sight out of mind
#foreveralone	
Varun Suresh shared The Happy Page's photo.	Abhishek Born To Win	
Varun Suresh shared Videogamemes's photo.	Sad day indeed :(
#RIP	
Varun Suresh shared That Awkward Moment's photo.	Kshitij Swamy Shreyas Madhavan	
rain rain come again
go away another day
little johny wants holiday
rain rain go away
-a poem by varunotelli	
Varun Suresh shared In my heart in my soul live ROCK and ROLL's photo.	EDWIN!!
Vishnoo Kpb Vignesh Shyam Vishnu Rao Bhargav Prakash Pradhan Narayanaswamy Hemeshwar Mahesh Veddhanth Kumaramanickavel Abhishek Shankar	
Varun Suresh shared The Troll Files's photo.	XD	
Varun Suresh shared The Sarcastic Retards's photo.	true dat!!	
Varun Suresh shared The Troll Files's photo.	true story XD	
Varun Suresh added 2 new photos.	A G Adhitya Ganesh Santħánà Gøpáłàn Pokesid Saidu Srilakshmi Manoj Namma Veedu 10 E	
Varun Suresh shared "HalloO Dubai Ahh?"'s photo.	mudiyala pa!!	
Varun Suresh shared Troll FC's photo.	
still a bttr player than any of the current aussie batsmen
	
Varun Suresh shared Excuse Me Ladies,We Introduce Ourself,He Is Saravanan Am Is Friend Partha's photo.	adangoppa!!	
Varun Suresh shared Excuse Me Ladies,We Introduce Ourself,He Is Saravanan Am Is Friend Partha's photo.	Engeyo poitinga Captain!!	
Varun Suresh shared The BACK Benchers's photo.	JAI HIND!!	
Varun Suresh shared Born in 90s (1990-1999)'s photo.	XD	
Varun Suresh shared ICC - International Cricket Council's photo.	the real DON	
gonna fail in maths	
Varun Suresh shared Excuse Me Ladies,We Introduce Ourself,He Is Saravanan Am Is Friend Partha's photo.	Abhishek Shankar	
Varun Suresh shared YePdI dA bItTU yEduThUtU pOYum fAil U aAgUrA's photo.	Syed Ashik Akshay Kumar Santħánà Gøpáłàn Krishna Kumar Abhishek Born To Win Jayanth Surya Srilakshmi Manoj Anusha Srikanthan 

:)	
He argued... She argued...
.

He shouted... She shouted...
.

..and then she cried......
.

Result: She won by Duckworth-Lewis method	
Varun Suresh is with Santhana Gopalan and Sharan Vidash.	Ramanujam Committee XD	
Varun Suresh shared Football Humour's photo.	
Varun Suresh shared ROFLIndia's photo.	
Varun Suresh shared என்ன இது? சின்ன புள்ள தனமா இருக்கு's photo.	
Happy bday MSD
As a Die Hard fan of yours i have 4 words for u
Thalaiva u r great _/\_	
Varun Suresh shared Sathiyama solraen nee ellam urupada maataa urupada vey maaata's photo.	mass comments !!	
Varun Suresh shared ROFLIndia's photo.	OMG!!
#proudtobeindian	
Varun Suresh shared India Cricket Team's photo.	
Varun Suresh shared Vadakkupatti ramasami's photo.	jeyam ravi john cenavai adichu hero aaguradha nambum 
#sathyasodhanai	
5 TRUTHS OF LIFE..
.
.
.
.
Truth no 1 : nobody is real in this world except Mother..
.
.
Truth no. 2 : a poor person has no friends..
.
.
Truth no. 3 : people do not like good thoughts they like good looks..
.
.
Truth no 4 : people respect the money not the person..
.
.
Truth no 5 : the person you love the most, will hurt you the most !!!	
In 1894 a priest saved a 4 year old boy from drowning. The boy's name was Adolf Hitler.
Omg, Y U Do Tis Priest?!
#hitler	
In PSBB KKN i know every SPL candidate and o dpnt know who to choose...
in PSBB NGM I dont know anyone and i dont know who to vote for
#49O
#clueless
#elections	
Director Manivannan my fav character actor
#RIP	
Varun Suresh is with Siddharth Manohar and 2 others.	The last 10 years at PSBB KKN could be the time that i would cherish throughout my life.

From the change of friends in class 3 to the change in my nicknames like Mottai,Monkey, Kebab Raja, Varunotelli class 10e  has molded me into who i am today.

The memories in the bus with  Abhishek Born To Win  will never grow old.
#bestbusmateever

Akshay Kumar  Krishna Kumar  Santħánà Gøpáłàn  Syed Ashik  Jayanth Surya:The guys who have been with me through thick and thin..I am in your debt forever

I would like to apologize to A G Adhitya Ganesh and Srilakshmi Manojwho i have hurt so much and yet they continue to be my friends.

My sishyan and my lunch bag mate Lakshanth Thangarajis the coolest guy ever.

My status is becoming too long and so i apologies the other class mates who i have failed to mention.

#nostalgia

PSBB NGM here i come!!!

The national sport of 10e a.k.a "Publicuty" will be missed and i don't think i will have the oppurtunity to play	
Varun Suresh shared என்ன இது? சின்ன புள்ள தனமா இருக்கு's photo.	TR paramabarai pola	
Pollard

 In IPL 30runs (6balls) 

 In champions trophy 6runs (30balls) 

 #Kaasu Pannam Thuttu Money money	
Ankeet chavan marries Neha.
 Sreesanth: evlo ranakalathilum unaku gilugilupu kekuthu.....! :-)

 #anyways congratulations :)	
eddie!!
	
http://www.youtube.com/watch?feature=endscreen&v=1Xud_8QngHI&NR=1	
Varun Suresh shared "Padicha Naaya Kitta Varathaaa"'s photo.	Santħánà Gøpáłàn Pokesid Saidu	
Varun Suresh shared Nee Enna Avalo Periya AppaTakkara's photo.	surely gonna buy 1 XD	
9.8 with A2 in social XD	
cbse class 10 results out!! check sun news	
Varun Suresh shared Iam குண்டலகேசி 2nd Std அவ்வையார் ஆரம்ப பாட சாலை's photo.	Dadagiri
#RESPECT	
if every over where more than 13 runs were given was fixed...then r all of Ashoke Dinda's overs fixed? :P	
Varun Suresh shared "HalloO Dubai Ahh?"'s photo.	LOL	
Varun Suresh shared Excuse Me Ladies,We Introduce Ourself,He Is Saravanan Am Is Friend Partha's photo.	
Varun Suresh shared Barcelona Fans's photo.	
Varun Suresh shared My math book has committed suicide, he had too many problems.'s photo.	
Varun Suresh shared Soup boyss's photo.	gayle \m/	
Varun Suresh shared அவ்லோ பெரிய காமெடி இல்ல இது's photo.	neva knew earth looked like a "vadai chatti"'s back side	
Varun Suresh shared அவ்லோ பெரிய காமெடி இல்ல இது's photo.	
Varun Suresh shared "Sathiyama,Ithu oru mokka page sir"-2's photo.	Abhishek Born To Win is dat u? O.o	
Varun Suresh shared Phone Wire Pinchi Oru Vaaram Aachu's photo.	but here there is no Kumki	
Varun Suresh shared Excuse Me Ladies,We Introduce Ourself,He Is Saravanan Am Is Friend Partha's photo.	
Varun Suresh shared "HalloO Dubai Ahh?"'s photo.	
Varun Suresh shared Sathiyama solraen nee ellam urupada maataa urupada vey maaata's photo.	true	
Varun Suresh shared பெற்றோர் சொன்னால் பெட்ரோலையும் குடிப்போர் சங்கம்'s photo.	boys \m/	
Varun Suresh shared Kaatu Poochi's photo.	
Varun Suresh shared ROFLIndia's photo.	
Varun Suresh shared Mokka Postku Like Poduvor Sangam's photo.	true	
Varun Suresh shared Real Madrid: Trolling Clubs Since 1902's photo.	Seriously	
Varun Suresh shared Harry poter vaaya's photo.	so true!! Srilakshmi Manoj Ashik Anwar Jayanth Surya	
Varun Suresh shared Football Fans's photo.	Running successfully Worldwide !	
best speech eveer!!

	
Varun Suresh shared Chennai Super Kings No.1 Team's photo.	Sir _/\_
	
Varun Suresh shared Excuse Me Ladies,We Introduce Ourself,He Is Saravanan Am Is Friend Partha's photo.	X'D
	
Varun Suresh shared I Love Sunglasses's photo.	
Varun Suresh shared "HalloO Dubai Ahh?"'s photo.	_/\_	
You gotta admit Shane Warne is the best captain who neva captained an international side
#legend _/\_	
Varun Suresh shared YePdI dA bItTU yEduThUtU pOYum fAil U aAgUrA's photo.	
Varun Suresh shared Harry poter vaaya's photo.	
Varun Suresh shared Excuse Me Ladies,We Introduce Ourself,He Is Saravanan Am Is Friend Partha's photo.	''EnnA KodumaA SiR IthU''	
Varun Suresh shared YePdI dA bItTU yEduThUtU pOYum fAil U aAgUrA's photo.	
My creation

http://www.quickmeme.com/meme/3tuaz0/

Santħánà Gøpáłàn Lakshanth Thangaraj Srilakshmi Manoj	
@santhana 	
MY FACEBOOK COMMANDMENTS... ­.
1. Thou shall not poke me with no reason.
2. Thou shall not block me wen you are the one
who requested me.
3. Thou shall not view my profile without my permission.
4. Thou shall not judge me by my status updates.
5. Thou shall not like the status if its about death,
sickness, accident or whereby one is in a bad situation.
6. Thou shall not impose your idea to my status if you don't understand
7. if you don't get the joke,go watch cartoon
network
8. Thou shall not stalk
9. Thou shall not update status in your own language *no subtitles*
10.Thou shall not add me to stupid pages without asking first.
11.Thou shall not tag urselfon my photos without asking first.
13.Thou shall not inbox meagain and again if you do not get a reply the first time.
12.Thou shall not hit on me5 seconds after i
accept your friend request.
14.Thou shall not make melike your status by force!(the hit like sh*t)
15.thou shall not inbox me to ask sh*t you can easily find on my profile.	
Varun Suresh shared GuD FrIeNdS aRe LiKe StArS's photo.	Crazy:- Ashik
Weird:- Krishna Kumar
stupid:- Santħánà Gøpáłàn
Mentally ill:- Abhishek Born To Win

Akshay Kumar Jayanth Surya Srilakshmi Manoj	
Varun Suresh shared Yeppa Thambi. . . .Antha Ponna Kaiya PiDiChu ILuThIyA . . . .'s photo.	
Varun Suresh updated his cover photo.	
Varun Suresh shared அவ்லோ பெரிய காமெடி இல்ல இது's photo.	
Varun Suresh shared என்ன இது? சின்ன புள்ள தனமா இருக்கு's photo.	
Varun Suresh shared Excuse Me Ladies,We Introduce Ourself,He Is Saravanan Am Is Friend Partha's photo.	CLASSIC :D	
Paradesi - " A film by Bala"...a film to be watched by ppl who dont understand their 9th and 10th std history lessons

An average movie hyped by the name of bala sir..

Those who donot enjoy sad movies must not watch and bala fans...its a must watch movie	
Varun Suresh shared Cricket Debate's photo.	EPIC XD	
Varun Suresh shared I Hate Mondays & Love Weekends's photo.	
nayagan

kamal sir _/\_	
Varun Suresh shared "EnnA KalaaichitaraamA"'s photo.	true story XD	
Varun Suresh shared LOLism's photo.	
Varun Suresh shared Yeppa Thambi. . . .Antha Ponna Kaiya PiDiChu ILuThIyA . . . .'s photo.	Santħánà Gøpáłàn Ashik Anwar Jayanth Surya Akshay Kumar Abhishek Born To Win 	
துன்பம் என் நண்பன் அதை நான் வெறுக்கமாட்டேன். உலகத்தில் அபார சாதனைகளைச் சாதிப்பதற்காகவே பிறந்த எனக்குத் துன்பம்தான் தூய நண்பன். இன்பம் என் விரோதி. அது என்னைச் சோம்பேறியாக்கி விடும் அதை நான் வெறுக்கின்றேன் இரவில் அதிக நேரம் கண் விழிக்காதே, உடம்பை ஜாக்கிரதையாக கவனித்துக்கொள்.

-napoleon	
Varun Suresh posted from Answers™ About Me.	
Varun Suresh shared ROFLIndia's photo.	
Varun Suresh shared Born in 90s (1990-1999)'s photo.	Fact-u Fact-u Fact-u Fact-u	
Varun Suresh shared I Love Sunglasses's photo.	
Varun Suresh shared YePdI dA bItTU yEduThUtU pOYum fAil U aAgUrA's photo.	
Varun Suresh shared ''EnnA KodumaA SiR IthU'''s photo.	tsunamiya nambu...chudidhara nambaadhe!!	
Varun Suresh shared YePdI dA bItTU yEduThUtU pOYum fAil U aAgUrA's photo.	
Varun Suresh shared ''EnnA KodumaA SiR IthU'''s photo.	
Varun Suresh shared Tamil's photo.	என்னை  பார்த்து தூங்க கற்றுக்கொள்  XD
	
Varun Suresh shared I Love Tamilnadu's photo.	mass dilog	
அனுபவத்தில் அறிந்த உண்மை

நண்பனின் காதல் ஜெயிக்காது என்று தெரிந்த பின்பும் அதற்காக உதவுபவனே உயிர் நண்பன் ஆவான் 

Santħánà Gøpáłàn Srilakshmi Manoj	
Varun Suresh shared Boys are Boys's photo.	
School:" A place where papa pays & son plays :D
 .
 .
 .
 Life insurance:"
 A contract that keeps you poor all your life so that
 you can die rich ;-))
 .
 .
 Marriage:" its an agreement in which a man looses his bachelors degree and a women gains her masters ;-))
 .
 .
 Dictionary:" A place where success comes before work :))
 .
 .
 Smile:" A curve dat can set a lot of
 thngs straight :))
 .
 Doctor:" A person who kills ur ills by
 pills, n kills U by bills... :p :O :D	
Varun Suresh shared YePdI dA bItTU yEduThUtU pOYum fAil U aAgUrA's photo.	
situation song of the moment

"maegam karukkudhu jumchukku jumchukku"
:)	
Varun Suresh shared Sathiyama solraen nee ellam urupada maataa urupada vey maaata's photo.	
Varun Suresh shared Facebuk'ai Vaazha Vaippor Sangam's photo.	
Varun Suresh updated his profile picture.	
Today Sachin did one thing which nö öne nöticed,

When Vijay göt öut ön 167 Sachin didnt enters d
gröund till Vijay rched d pavelliön
Becöz Sachin wantd Vijay 2 gt all d Appreciatiön 4
d Gud inning he played....While he leave d ground odrwise Appreciation öf Vijay's inning cn b
övershadöwed by Grand reception which Sachin
gets by his fans whenever he enters in ground tö
bat !
Wat a man
GRAND SALUTE _/\_	
Varun Suresh shared Excuse Me Ladies,We Introduce Ourself,He Is Saravanan Am Is Friend Partha's photo.	
There are weird similarities between Abraham Lincoln and John F. Kennedy.
 *. Abraham Lincoln was elected to Congress in 1846. John F. Kennedy was elected to Congress in 1946.
 *. Abraham Lincoln was elected President in 1860. John F. Kennedy was elected President in 1960.
 *. Both were shot in the back of the head in the presence of their wives.
 *. Both wives lost their children while living in the White House.
 *. Both Presidents were shot on a Friday.
 *. Lincoln's secretary was named Kennedy.
 *. Both were succeeded by Southerners named Johnson.
 *. Andrew Johnson, who succeeded Lincoln, was born in 1808. Lyndon Johnson, who succeeded Kennedy, was born in 1908.
 *. Lincoln was shot in the Ford Theatre. Kennedy was shot in a Lincoln, made by Ford.
 *. Lincoln was shot in a theater and his assassin ran and hid in a warehouse. Kennedy was shot from a warehouse and his assassin ran
 and hid in a theater.
 *. Both and Oswald were assassinated before their trials	
Facebook la

 Friend na poke pannu

 Enemy na block pannu

 Figure na chat pannu

 Fake id na hack pannu

 Photo na tag pannu

 Status na cmt pannu

 Matha page admin ne edha cpy pannu

 Machi na sonnadha ellam follow
 pannu

 Mudhala indha post ah LIKE pannu...:p	
Today pazhamozhi :

 1.Thambi udayar.
 Annan Settiyar.

 2.Uraan Pillaya Ooti Valartha 
 Un Pondati 
 una Santhega Paduva.

 3.Nalla maatukku 5 kilo punnaku.

 4.Tholl koduppan karikada bai.

 5.Kattrullapothey thoongividu current pona thookam varadhu.....	
Varun Suresh shared Troll Cinema's photo.	true story!	
Varun Suresh shared Boys are Boys's photo.	
India vs Australia[2004]match..
 Brad Hogg took Sachin's wicket.
 At the end of the match Hogg gave that
 Ball to Sachin for his autograph.
 Sachin put his sign with one beautiful sentence,
 "IT WILL NEVER HAPPEN AGAIN"

 Till today Hogg could not take his wicket for the second time
 After this incident Hogg and Tendulkar came
 face to face 21 times..but he could never get d MasterBlaster out
 "THIS IS CONFIDENCE"
 "THIS IS TENDULKAR"	
“Sometimes you will never know the value of a moment until it becomes a memory.” – Dr. Seuss	
"I am a simple guy,sometimes people think i am wrong because when we lose i am still laughing,you must look forward,if you lose or win.This is life.Sometimes you have good days,sometimes you have bad days."-younus khan	
Varun Suresh shared Soccer Debate's photo.	
Varun Suresh shared Excuse Me Ladies,We Introduce Ourself,He Is Saravanan Am Is Friend Partha's photo.	
ஆத்மீகம் பேசும் மனிதருக்கெல்லாம் சிவமே அன்பாகும்

நார்திகம் பேசும் மனிதருக்கெல்லாம்  அன்பே சிவமாகும் 

anbe sivam _/\_	
A captain's innings by MSD 200*...thalaiva u r gr8!! _/\_	
Varun Suresh shared Ethu potato ilama yenna toyata car ah car ah's photo.	
Varun Suresh shared Yeppa Thambi. . . .Antha Ponna Kaiya PiDiChu ILuThIyA . . . .'s photo.	
Varun Suresh shared Cricket Debate's photo.	
Varun Suresh shared Soccer Debate's photo.	
Varun Suresh shared Cricket Debate's photo.	
“Never make a big decision when you’re angry, and never make a big promise when you’re overjoyed." -shaun pollock	
Varun Suresh shared ''EnnA KodumaA SiR IthU'''s photo.	
Varun Suresh shared "EnnA KalaaichitaraamA"'s photo.	
Varun Suresh shared "EnnA KalaaichitaraamA"'s photo.	Abhishek Born To Win Ashik Anwar Jayanth Surya Santħánà Gøpáłàn Krishna Kumar Akshay Kumar	
Varun Suresh shared Yeppa Thambi. . . .Antha Ponna Kaiya PiDiChu ILuThIyA . . . .'s photo.	
Son: Daddy oru good news, oru bad news..
 Entha news first solla?

 Dad: Bad news ennada?

 son: Inimel pakkathu veetu aunty namma veettukku thanni pidika varamatanga..

 Dad: Good news ennada?

 Son: He.. He.. He.. inimel "Avanga ponnuthan thanni pidika varumam"..	
Life before Computer:

 .
 .
 .
 .
 .
 .
 .
 .
 .
 .

 -Window was a square hole in a room.

 -Application was something written in paper.

 -Mouse was an animal.

 -Keyboard was a Piano.

 -File was a important office material.

 -Hard Drive was a uncomfortable road trip.

 -Cut was done with Knife n Paste was done with Glue.

 -Web was spider's home.

 -Virus was flu.

 -Apple and Blackberry were just fruits.	
Varun Suresh shared இதப் பார்த்துட்டு லைக்கும் கமெண்டும் போடலனா நா போலீச கூப்பிடுவேன்.'s photo.	LOL	
Varun Suresh shared Always vetti's photo.	what a pity what a pity	
Varun Suresh shared I can never forget u bcoz I love u's photo.	
Varun Suresh shared Nee Enna Avalo Periya AppaTakkara's photo.	
Guys like girls who are intelligent...
 ( there is a difference between intelligent and educated)

 girls who have good dressing sense ...
 (doesn't mean who can spend lot of money on cloths, rather who spends less and looks rich)

 girls who can cook well...
 (not to keep her in kitchen after marriage, but can show her skill occasionally)

 Girls who are confident about how they look.
 (Need not be very pretty, but confidence in her looks will make her attractive)	
Varun Suresh shared Before starting any chapter, I count the number of pages !'s photo.	
Varun Suresh shared Cricket Debate's photo.	
Varun Suresh shared Cricket Debate's photo.	my student	
Varun Suresh shared ROFLIndia's photo.	
Varun Suresh shared Yeppa Thambi. . . .Antha Ponna Kaiya PiDiChu ILuThIyA . . . .'s photo.	
Varun Suresh shared Sarcastic Indian's photo.	Fact 	
Varun Suresh shared I-Me-MySelf  Boring Daa's photo.	
Varun Suresh shared "EnnA KalaaichitaraamA"'s photo.	
Varun Suresh shared ''EnnA KodumaA SiR IthU'''s photo.	
Varun Suresh shared "HalloO Dubai Ahh?"'s photo.	
Girl Setting Password for Her Laptop with a guy sittng beside
 her..
 She Types"BRAIN"As password.
 Guy Fell Off from Chair laughing
 Because :- Laptop Replied : "TOO SMALL" :P	
Varun Suresh shared "EnnA KalaaichitaraamA"'s photo.	
my next thatuvam:
உலகத்தில் உன்னை போல் ஏழு பேர் இருப்பார்கள்...ஆனால் மனதால் உன்னை போல் நீ மட்டும்  தான் இருக்கின்றாய்!! அது தான் வாழ்க்கை

also cre8ed by me... Jayanth Surya Santħánà Gøpáłàn like it and increase the publicuty	
Varun Suresh shared Iam குண்டலகேசி 2nd Std அவ்வையார் ஆரம்ப பாட சாலை's photo.	
Varun Suresh shared என்ன இது? சின்ன புள்ள தனமா இருக்கு's photo.	true!!	

Varun Suresh shared நாட்டாமை's photo.	
Varun Suresh shared Cricket Debate's photo.	
A new punch dialogue created by me dedicated to my 2 bffs Santħánà Gøpáłàn and Srilakshmi Manoj

நண்பனை பற்றி நினைத்து பொறாமை படுபவது உண்மையான நட்பல்ல....நண்பனை பற்றி நினைத்து பெருமைப்படுவதே உண்மையான நட்பாகும் 

really i'm the one who created it	
Varun Suresh shared I Love Sunglasses's photo.	
RIP English :P LOLzzz :D

 1. Principal To Student..." I Saw U Yesterday Rotating Near Girls Hostel Pulling Cigarette...? "

 2. Class Teacher Once Said :" Pick Up The Paper And Fall In The Dustbin!!!"

 3. Once Hindi Teacher Said...."I'm Going Out Of The World To America.."

 4. "..DON'T TRY TO TALK IN FRONT OF MY BACK.."

 5. Don't..Laugh At The Back Benches... Otherwise Teeth And All Will Be Fallen Down.....

 6. It Was Very Hot In The Afternoon When The Teacher Entered.. She Tried To Switch The Fan On, But There Was Some Problem. And Then She Said "
 Why Is Fan Not Oning" (Ing Form Of On)

 7. Teacher In A Furious Mood... Write Down Ur Name And Father Of Ur Name!!

 8. "Shhh... Quiet... The Principal Is Revolving Around College"

 9. My Manager Started Like This "Hi, I Am Madhu, Married With Two Kids"

 10. "Will U Hang That Calendar Or Else I'll HANG MYSELF"

 11. LIBRARIAN SCOLDE ," IF U WILL TALK AGAIN , I WILL KNEEL DOWN OUTSIDE"

 12. Chemistry HOD Comes And Tells Us... "My Aim Is To Study My Son And Marry My Daughter"

 13. Tomorrow Call Ur Parents Especially Mother And Father

 14. "Why Are You Looking At The Monkeys Outside When I Am In The Class?!"

 15. Lab Assistant Said This When My Friend Wrote Wrong Code.. "I Understand. You Understand.
 Computer How Understand??

 16. Seeing The Principal Passing By, The Teacher Told The Noisy Class.. "Keep Quiet, The Principal Has Passed Away"

 17. Once Teacher Told "If U Talk So Loudly I Will Stand Uping U"

 18. Teacher To Students:don't Spit Outside, The Understanding People Will Suffer""" :D :D	
Girl's facebook status :-
 "Travelled in Bus after a long time"

 Comments Left by Male friends :- 
 1) Awww, so sweet..!! 
 2) May be next time will go together sweetie...!!
 3) Wow, i want to experience it..!! 
 4) You went without me..? :( 
 5) Wonderful dear.

 A Boy's facebook status :-
 "Travelled in Bus after a long time" 

 Comments Left by same Male friends :- 
 1) Romba mukkiyam 
 2) bus la ticket eduthiyada
 3) ama ivaru periya kappal viyabari..!!

 #Enna kodumai sir..? :'( :P

no comments only likes...illa pichupudivaen pichu	
Varun Suresh shared Nee Enna Avalo Periya AppaTakkara's photo.	evvalavu develop aayitaanga
	
Varun Suresh shared "EnnA KalaaichitaraamA"'s photo.	
Varun Suresh shared Cricket Debate's photo.	
Varun Suresh shared Cricket Debate's photo.	
Varun Suresh shared Cricket Debate's photo.	
Varun Suresh updated his profile picture.	
How Kumki Songs Are Related To Exams ???

 When We're Studying:
 - Onnum Puriyala Solla
 Theriyala !!!

 During Exams While Looking For Answers AtGirls:
 - Nee Yeppa Pulla Solla Pore ???

 After Getting The Answers:- Sollitaleyh, Ava Answer're...

 If We Get 40% And Above:
 - Aiyaiyayoo... Ananthameyh...

 If We Get Below 40:
 - Soi Soi !!! ;)	
Varun Suresh shared "EnnA KalaaichitaraamA"'s photo.	
Varun Suresh shared "EnnA KalaaichitaraamA"'s photo.	
Varun Suresh shared ''EnnA KodumaA SiR IthU'''s photo.	
Varun Suresh shared "HalloO Dubai Ahh?"'s photo.	
Varun Suresh shared Yeppa Thambi. . . .Antha Ponna Kaiya PiDiChu ILuThIyA . . . .'s photo.	
Varun Suresh shared Nee Enna Avalo Periya AppaTakkara's photo.	
Varun Suresh shared AXE's photo.	
Varun Suresh shared Always vetti's photo.	
Varun Suresh shared I Was Alive When Sachin Tendulkar Reached 50th Century in World Cricket's photo.	
Varun Suresh shared I love My Family's photo.	
Varun Suresh shared Kaatu Poochi's photo.	
Varun Suresh shared "HalloO Dubai Ahh?"'s photo.	
Varun Suresh shared "EnnA KalaaichitaraamA"'s photo.	
Varun Suresh shared "HalloO Dubai Ahh?"'s photo.	
Varun Suresh shared Yeppa Thambi. . . .Antha Ponna Kaiya PiDiChu ILuThIyA . . . .'s photo.	
Varun Suresh shared "HalloO Dubai Ahh?"'s photo.	
Varun Suresh shared "EnnA KalaaichitaraamA"'s photo.	
Varun Suresh shared Fucked Up Facts's photo.	
Varun Suresh shared "Padicha Naaya Kitta Varathaaa"'s photo.	
Varun Suresh shared Yeppa Thambi. . . .Antha Ponna Kaiya PiDiChu ILuThIyA . . . .'s photo.	
Varun Suresh shared "HalloO Dubai Ahh?"'s photo.	
Varun Suresh posted from Astrology.	
Varun Suresh shared Sathiyama solraen nee ellam urupada maataa urupada vey maaata's photo.	
Varun Suresh posted from Answers™ About Me.	
Varun Suresh shared Enna Mama Sema Bulba? ٩(͡๏̯͡๏)۶'s photo.	
Varun Suresh shared என்ன இது? சின்ன புள்ள தனமா இருக்கு's photo.	
Varun Suresh shared என்ன இது? சின்ன புள்ள தனமா இருக்கு's photo.	
Varun Suresh shared Iam குண்டலகேசி 2nd Std அவ்வையார் ஆரம்ப பாட சாலை's photo.	
Varun Suresh posted from 21 questions.	
Tony Greig dies aged 66	
Varun Suresh shared Iam குண்டலகேசி 2nd Std அவ்வையார் ஆரம்ப பாட சாலை's photo.	
Varun Suresh shared Phone Wire Pinchi Oru Vaaram Aachu's photo.	
Varun Suresh shared Nee Enna Avalo Periya AppaTakkara's photo.	
Varun Suresh shared Murali Vijay ( Monk )'s photo.	
Varun Suresh shared "EnnA KalaaichitaraamA"'s photo.	
Varun Suresh shared Fucked Up Facts's photo.	
Varun Suresh shared "HalloO Dubai Ahh?"'s photo.	
Varun Suresh shared Iam குண்டலகேசி 2nd Std அவ்வையார் ஆரம்ப பாட சாலை's photo.	
Varun Suresh shared "EnnA KalaaichitaraamA"'s post.	
Varun Suresh shared I hope this isn't an Electrode, because I need a Master Ball's photo.	
Varun Suresh shared Yeppa Thambi. . . .Antha Ponna Kaiya PiDiChu ILuThIyA . . . .'s photo.	
Varun Suresh shared Boys are Boys's photo.	
Varun Suresh shared Soccer Debate's photo.	
Varun Suresh shared Always vetti's photo.	
Varun Suresh shared என்ன இது? சின்ன புள்ள தனமா இருக்கு's photo.	
Varun Suresh shared "EnnA KalaaichitaraamA"'s photo.	
Varun Suresh shared ''EnnA KodumaA SiR IthU'''s photo.	
Varun Suresh shared Sathiyama solraen nee ellam urupada maataa urupada vey maaata's photo.	
Varun Suresh shared "HalloO Dubai Ahh?"'s photo.	
Varun Suresh shared Kaatu Poochi's photo.	
Varun Suresh shared Tamil Memes's photo.	
Varun Suresh shared Mentos's photo.	
Varun Suresh shared a link.	
Varun Suresh shared International Cricket's photo.	
Varun Suresh shared International Cricket's photo.	
Varun Suresh shared Phone Wire Pinchi Oru Vaaram Aachu's photo.	
Udit Narayanan in Vijay Music Awards...he said he is going to write a book called

"Tamil Kolai Seivadhu eppadi 10 vazhigalil"	
Varun Suresh shared Enna Mama Sema Bulba? ٩(͡๏̯͡๏)۶'s photo.	
Varun Suresh shared AaNiYe PuDuNgA VeNdAm's photo.	
Varun Suresh shared Sathiyama solraen nee ellam urupada maataa urupada vey maaata's photo.	
Varun Suresh shared "EnnA KalaaichitaraamA"'s photo.	
Varun Suresh shared ''EnnA KodumaA SiR IthU'''s photo.	
Varun Suresh shared Soccer Debate's photo.	
Varun Suresh shared Soccer Debate's photo.	
Varun Suresh shared "Padicha Naaya Kitta Varathaaa"'s photo.	
Varun Suresh shared நி'kkal கு'ndhal's photo.	
Varun Suresh shared Phone Wire Pinchi Oru Vaaram Aachu's photo.	
Varun Suresh shared KIck-Ass Sport's photo.	
Varun Suresh shared Sathiyama solraen nee ellam urupada maataa urupada vey maaata's photo.	
Varun Suresh shared International Cricket's photo.	
Varun Suresh shared International Cricket's photo.	
Varun Suresh shared EpPuDiIi ? { How is it )?'s photo.	
Varun Suresh shared "HalloO Dubai Ahh?"'s photo.	
Varun Suresh shared My Name is INDIAN's photo.	
Varun Suresh shared International Cricket's photo.	
Varun Suresh shared "HalloO Dubai Ahh?"'s photo.	
Varun Suresh shared Sathiyama solraen nee ellam urupada maataa urupada vey maaata's photo.	
Varun Suresh shared Sathiyama solraen nee ellam urupada maataa urupada vey maaata's photo.	
Varun Suresh shared I am not Like a Boss. I am the Boss.'s photo.	
Varun Suresh shared "EnnA KalaaichitaraamA"'s photo.	
Varun Suresh shared "HalloO Dubai Ahh?"'s photo.	
Varun Suresh shared Yeppa Thambi. . . .Antha Ponna Kaiya PiDiChu ILuThIyA . . . .'s photo.	
Varun Suresh shared Phone Wire Pinchi Oru Vaaram Aachu's photo.	
Varun Suresh shared SS MUSIC's photo.	
Varun Suresh shared When I was your age, 'Cock' meant 'A male chicken'.'s photo.	
Varun Suresh shared Sathiyama solraen nee ellam urupada maataa urupada vey maaata's photo.	
Varun Suresh shared Mentos's photo.	
Varun Suresh shared Barcelona Fans's photo.	
Varun Suresh likes Cleverbot.	
Varun Suresh shared என்ன இது? சின்ன புள்ள தனமா இருக்கு's photo.	
Varun Suresh shared "Padicha Naaya Kitta Varathaaa"'s photo.	
Varun Suresh shared "EnnA KalaaichitaraamA"'s photo.	
Varun Suresh shared FLOP STAR AJITH ;-)'s photo.	
Varun Suresh shared AaNiYe PuDuNgA VeNdAm's photo.	
Varun Suresh shared Iam குண்டலகேசி 2nd Std அவ்வையார் ஆரம்ப பாட சாலை's photo.	
Varun Suresh shared Iam குண்டலகேசி 2nd Std அவ்வையார் ஆரம்ப பாட சாலை's photo.	
Varun Suresh shared Sathiyama solraen nee ellam urupada maataa urupada vey maaata's photo.	
Varun Suresh shared "Padicha Naaya Kitta Varathaaa"'s post.	
Varun Suresh shared "EnnA KalaaichitaraamA"'s photo.	
Varun Suresh shared Trollbook's photo.	
Varun Suresh shared International Cricket's photo.	
Abhishek Born To Win Akshay Kumar Ashik Anwar Krishna Kumar Santhana Gopalan Jayanth Surya

pls check ur emails as i have sent sumthin important bout kaleidoscope proj	
Varun Suresh shared Boys are Boys's photo.	
Varun Suresh shared AaNiYe PuDuNgA VeNdAm's photo.	
Varun Suresh shared ''EnnA KodumaA SiR IthU'''s photo.	
Varun Suresh shared Avatar's photo.	
Varun Suresh shared "Padicha Naaya Kitta Varathaaa"'s photo.	
Varun Suresh shared ICC - International Cricket Council's photo.	
Varun Suresh shared Boys are Boys's photo.	
Varun Suresh shared Murali Vijay ( Monk )'s photo.	
Varun Suresh shared ICC - International Cricket Council's photo.	
Varun Suresh shared M.S Dhoni belongs to Chennai's photo.	
Varun Suresh shared Murali Vijay ( Monk )'s photo.	
Varun Suresh shared Murali Vijay ( Monk )'s photo.	
Varun Suresh shared Sathiyama solraen nee ellam urupada maataa urupada vey maaata's photo.	
Varun Suresh shared "Padicha Naaya Kitta Varathaaa"'s photo.	
Varun Suresh shared En Frienda Pola Yaru MachaN ~~'s photo.	
Varun Suresh shared "Padicha Naaya Kitta Varathaaa"'s photo.	
Varun Suresh shared ''EnnA KodumaA SiR IthU'''s photo.	
Varun Suresh shared I Am Proud To Be An Indian's post.	
Varun Suresh shared Phone Wire Pinchi Oru Vaaram Aachu's photo.	
Varun Suresh shared International Cricket's photo.	
Varun Suresh shared Phone Wire Pinchi Oru Vaaram Aachu's photo.	
Varun Suresh shared Think Positive to Make Things Positive's photo.	
Varun Suresh shared Shaharyar Khan's photo.	
Varun Suresh shared Enna Mama Sema Bulba? ٩(͡๏̯͡๏)۶'s photo.	
Varun Suresh shared Nike Cricket's photo.	
Varun Suresh shared Kokki Kumar-u's photo.	
Varun Suresh shared Phone Wire Pinchi Oru Vaaram Aachu's post.	
edhaavadhu share pannaa 10 like aavadhu varumnnu paathaa...maximum 4 paeru...thu!! idhuvae naan ponnaa irundha like elaam  egurum....sila samaiyam paesaama bombay poidalaamnnu thonradhu...paarunga sir enn nilamaiya!! :(	
Varun Suresh shared En Frienda Pola Yaru MachaN ~~'s photo.	
Varun Suresh shared Yeppa Thambi. . . .Antha Ponna Kaiya PiDiChu ILuThIyA . . . .'s photo.	
Varun Suresh shared International Cricket's photo.	
Varun Suresh shared Iam குண்டலகேசி 2nd Std அவ்வையார் ஆரம்ப பாட சாலை's photo.	
Varun Suresh shared Sathiyama solraen nee ellam urupada maataa urupada vey maaata's photo.	
Varun Suresh shared Iam குண்டலகேசி 2nd Std அவ்வையார் ஆரம்ப பாட சாலை's photo.	
Varun Suresh shared Comedy Piece's post.	
Varun Suresh shared Nee Enna Avalo Periya AppaTakkara's photo.	
Varun Suresh shared ICC - International Cricket Council's photo.	
Varun Suresh shared "HalloO Dubai Ahh?"'s photo.	
Varun Suresh shared Wildcraft's photo.	
Varun Suresh shared Kaatu Poochi's photo.	
Varun Suresh shared "HalloO Dubai Ahh?"'s photo.	
Varun Suresh shared "HalloO Dubai Ahh?"'s photo.	
Varun Suresh shared Yeppa Thambi. . . .Antha Ponna Kaiya PiDiChu ILuThIyA . . . .'s photo.	
powerstar srinivasan arrested!!!!	
Varun Suresh shared "HalloO Dubai Ahh?"'s photo.	
Varun Suresh shared Phone Wire Pinchi Oru Vaaram Aachu's photo.	
Varun Suresh shared Kaatu Poochi's photo.	
Varun Suresh shared "HalloO Dubai Ahh?"'s photo.	
Varun Suresh created a poll.	Do you watch internet atleast once a day??	
Varun Suresh shared TAMIL PAGE 人's photo.	
Varun Suresh shared Kaatu Poochi's photo.	
Varun Suresh shared India Cricket's photo.	
Varun Suresh shared Sathiyama solraen nee ellam urupada maataa urupada vey maaata's photo.	
Varun Suresh likes MS Dhoni on Cricinfo.	
Varun Suresh likes S Badrinath on Cricinfo.	
Varun Suresh shared a link.	
Varun Suresh shared Facebuk'ai Vaazha Vaippor Sangam's photo.	
Varun Suresh shared Sathiyama solraen nee ellam urupada maataa urupada vey maaata's photo.	
gethu song	
Varun Suresh shared Sathiyama solraen nee ellam urupada maataa urupada vey maaata's photo.	
Varun Suresh shared Fact-u Fact-u Fact-u Fact-u's photo.	
Varun Suresh shared Sathiyama solraen nee ellam urupada maataa urupada vey maaata's photo.	
Varun Suresh shared Always vetti's photo.	
Varun Suresh shared I Am Proud To Be An Indian's photo.	
Varun Suresh shared Iam குண்டலகேசி 2nd Std அவ்வையார் ஆரம்ப பாட சாலை's photo.	
Varun Suresh shared Kaatu Poochi's photo.	
Varun Suresh shared என்ன இது? சின்ன புள்ள தனமா இருக்கு's photo.	
Varun Suresh shared For Animals.'s photo.	
Varun Suresh shared Iam குண்டலகேசி 2nd Std அவ்வையார் ஆரம்ப பாட சாலை's photo.	
Varun Suresh shared Iam குண்டலகேசி 2nd Std அவ்வையார் ஆரம்ப பாட சாலை's photo.	
Varun Suresh shared Fact-u Fact-u Fact-u Fact-u's photo.	
Varun Suresh shared "Padicha Naaya Kitta Varathaaa"'s photo.	
Varun Suresh shared En Frienda Pola Yaru MachaN ~~'s photo.	
Varun Suresh shared Bohot bhukh lagi hai yaar subah se kuch nahi khaya's photo.	
Varun Suresh shared Yeppa Thambi. . . .Antha Ponna Kaiya PiDiChu ILuThIyA . . . .'s photo.	
Varun Suresh shared Kaatu Poochi's photo.	
Varun Suresh shared என்ன இது? சின்ன புள்ள தனமா இருக்கு's photo.	
Varun Suresh shared Vadai Poche's photo.	
Varun Suresh shared Iam குண்டலகேசி 2nd Std அவ்வையார் ஆரம்ப பாட சாலை's photo.	
Varun Suresh updated his cover photo.	
Varun Suresh updated his cover photo.	
Varun Suresh shared Vadai Poche's photo.	
Varun Suresh shared ''EnnA KodumaA SiR IthU'''s photo.	
Varun Suresh shared "HalloO Dubai Ahh?"'s photo.	
Varun Suresh shared என்ன இது? சின்ன புள்ள தனமா இருக்கு's photo.	
Varun Suresh shared Kekuravan kenayana iruntha carom kandu pidichathu ks ravikumar nu soluviye's post.	
Varun Suresh shared Kekuravan kenayana iruntha carom kandu pidichathu ks ravikumar nu soluviye's photo.	
Varun Suresh shared Kekuravan kenayana iruntha carom kandu pidichathu ks ravikumar nu soluviye's photo.	
Varun Suresh shared "HalloO Dubai Ahh?"'s photo.	
Varun Suresh shared Iam குண்டலகேசி 2nd Std அவ்வையார் ஆரம்ப பாட சாலை's photo.	
Varun Suresh shared a link.	
Varun Suresh shared a link.	
Varun Suresh shared என்ன இது? சின்ன புள்ள தனமா இருக்கு's photo.	
Varun Suresh shared Powerstar DR.srinivaasan in uyir rasigargal's photo.	
Varun Suresh shared Iam குண்டலகேசி 2nd Std அவ்வையார் ஆரம்ப பாட சாலை's photo.	
Varun Suresh shared என்ன இது? சின்ன புள்ள தனமா இருக்கு's photo.	
Varun Suresh shared Phone Wire Pinchi Oru Vaaram Aachu's photo.	
Varun Suresh shared ROFLIndia's photo.	
I GOT PREMIUM ACCOUN TIN TRIBAL WARS...PEDAL TO THE MEDAL	
Varun Suresh shared Kaatu Poochi's photo.	
Varun Suresh shared ROFLIndia's photo.	
Varun Suresh shared "HalloO Dubai Ahh?"'s photo.	
Varun Suresh shared "HalloO Dubai Ahh?"'s photo.	
Varun Suresh shared AaNiYe PuDuNgA VeNdAm's photo.	
Varun Suresh shared a link.	
Varun Suresh shared என்ன இது? சின்ன புள்ள தனமா இருக்கு's photo.	
Varun Suresh shared AaNiYe PuDuNgA VeNdAm's photo.	
Varun Suresh shared Phone Wire Pinchi Oru Vaaram Aachu's photo.	
Varun Suresh shared Yeppa Thambi. . . .Antha Ponna Kaiya PiDiChu ILuThIyA . . . .'s photo.	
Varun Suresh shared a link.	
Varun Suresh shared Facebuk'ai Vaazha Vaippor Sangam's photo.	
Varun Suresh shared 9 To 5 LOL's photo.	
Varun Suresh shared Iam குண்டலகேசி 2nd Std அவ்வையார் ஆரம்ப பாட சாலை's photo.	
Varun Suresh shared "Padicha Naaya Kitta Varathaaa"'s photo.	
Varun Suresh shared இதப் பார்த்துட்டு லைக்கும் கமெண்டும் போடலனா நா போலீச கூப்பிடுவேன்.'s photo.	
Varun Suresh shared NDTV's photo.	
Varun Suresh shared Varadha padippa va vanna eppadi varum?'s photo.	
Varun Suresh shared Kaatu Poochi's photo.	
Varun Suresh shared Tamil Memes's photo.	
Varun Suresh shared Tamil Memes's photo.	
Varun Suresh shared Tamil Memes's photo.	
Varun Suresh shared Kaatu Poochi's photo.	
Varun Suresh shared Tamil Memes's photo.	
Varun Suresh shared ''EnnA KodumaA SiR IthU'''s photo.	
Varun Suresh shared Sathiyama solraen nee ellam urupada maataa urupada vey maaata's photo.	
Varun Suresh shared Vadai Poche's photo.	
Varun Suresh shared Vadai Poche's photo.	
Varun Suresh shared Vadai Poche's photo.	
Varun Suresh shared Phone Wire Pinchi Oru Vaaram Aachu's photo.	
Varun Suresh shared Iam குண்டலகேசி 2nd Std அவ்வையார் ஆரம்ப பாட சாலை's photo.	
Varun Suresh shared Iam குண்டலகேசி 2nd Std அவ்வையார் ஆரம்ப பாட சாலை's photo.	
Varun Suresh shared En Frienda Pola Yaru MachaN ~~'s photo.	
Varun Suresh shared Facebuk'ai Vaazha Vaippor Sangam's photo.	
Varun Suresh shared Fact-u Fact-u Fact-u Fact-u's photo.	
Varun Suresh shared Food for Hungers's photo.	
If u love me...( c o m m e n t . )
 If u think I'm a good friend...( l i k e )
 If u hate me ( m e s s a g e , & . t e l l . me . why .)
 If u ever had a crush on me, be honest ( p o k e .)
 If u r not scared, ( m a k e . t h i s . y o u r . s t a t u s ).	
Varun Suresh shared என்ன இது? சின்ன புள்ள தனமா இருக்கு's photo.	
Varun Suresh shared Facebuk'ai Vaazha Vaippor Sangam's photo.	
Varun Suresh shared Tamil Memes's photo.	
Varun Suresh shared Tamil Memes's photo.	
Varun Suresh shared NyooTV - Online Social TV's photo.	
Varun Suresh shared Enna Mama Sema Bulba? ٩(͡๏̯͡๏)۶'s photo.	
Varun Suresh shared Kaatu Poochi's photo.	
Varun Suresh shared Yeppa Thambi. . . .Antha Ponna Kaiya PiDiChu ILuThIyA . . . .'s photo.	
Varun Suresh shared Facebuk'ai Vaazha Vaippor Sangam's photo.	
Varun Suresh shared என்ன இது? சின்ன புள்ள தனமா இருக்கு's photo.	
Varun Suresh shared Kaatu Poochi's photo.	
Varun Suresh shared Cadbury 5 Star's photo.	
Varun Suresh shared Facebuk'ai Vaazha Vaippor Sangam's photo.	
Varun Suresh shared TROLLism's photo.	
Varun Suresh shared TROLLism's photo.	
Varun Suresh shared TROLLism's photo.	
Varun Suresh shared Kaatu Poochi's photo.	
Varun Suresh shared Phone Wire Pinchi Oru Vaaram Aachu's photo.	
Varun Suresh shared Appo en MBW caru ?. . . .'s photo.	
Varun Suresh shared Appo en MBW caru ?. . . .'s photo.	
Varun Suresh shared Kaatu Poochi's photo.	
Varun Suresh shared Kaatu Poochi's photo.	
Varun Suresh shared En Frienda Pola Yaru MachaN ~~'s photo.	
Varun Suresh shared ROFLIndia's photo.	
Varun Suresh shared Facebuk'ai Vaazha Vaippor Sangam's photo.	
Varun Suresh shared Kaatu Poochi's photo.	
Varun Suresh shared I Love Tamilnadu's post.	
Varun Suresh shared "HalloO Dubai Ahh?"'s photo.	
Varun Suresh added 70 new photos.	Sumer holidays 2012	
Varun Suresh shared Iam குண்டலகேசி 2nd Std அவ்வையார் ஆரம்ப பாட சாலை's photo.	
Varun Suresh shared Kaatu Poochi's photo.	
Varun Suresh shared Tamil Memes's photo.	
Varun Suresh shared Tamil Memes's photo.	
Varun Suresh shared Tamil Memes's photo.	
Varun Suresh shared Tamil Memes's photo.	
Varun Suresh shared I Am Proud To Be An Indian's photo.	
Varun Suresh shared I Am Proud To Be An Indian's photo.	
http://www.youtube.com/watch?v=2s5tMDfUF1o	
Varun Suresh shared Nee Enna Avalo Periya AppaTakkara's photo.	
Varun Suresh shared Kaatu Poochi's photo.	
Varun Suresh shared Iam குண்டலகேசி 2nd Std அவ்வையார் ஆரம்ப பாட சாலை's photo.	
Varun Suresh shared If you don't see me online on facebook for 48 h, Immediatly call the police's photo.	
Varun Suresh shared விஜய் எதிர்போரை போட்டு தள்ளும் சங்கம்-3's photo.	
Varun Suresh shared INDIA - Jai Ho !'s photo.	
Varun Suresh shared Food for Hungers's photo.	
Varun Suresh shared Vadai Poche's photo.	
Varun Suresh shared Ovvoru friendum thevai machan's photo.	
Varun Suresh shared என்ன இது? சின்ன புள்ள தனமா இருக்கு's photo.	
Varun Suresh shared என்ன இது? சின்ன புள்ள தனமா இருக்கு's photo.	
Varun Suresh shared Sathiyama solraen nee ellam urupada maataa urupada vey maaata's photo.	
Varun Suresh shared Iam குண்டலகேசி 2nd Std அவ்வையார் ஆரம்ப பாட சாலை's photo.	
Varun Suresh shared a link.	
Varun Suresh shared Nee Enna Avalo Periya AppaTakkara's photo.	
Varun Suresh shared என்ன இது? சின்ன புள்ள தனமா இருக்கு's photo.	
Varun Suresh shared என்ன இது? சின்ன புள்ள தனமா இருக்கு's photo.	
Varun Suresh shared என்ன இது? சின்ன புள்ள தனமா இருக்கு's photo.	
Varun Suresh shared Phone Wire Pinchi Oru Vaaram Aachu's photo.	
Varun Suresh shared Venkat Prabhu's post.	
Varun Suresh shared Kaatu Poochi's photo.	
Varun Suresh shared a link.	
please join	
Varun Suresh shared a link.	
Varun Suresh shared Bohot bhukh lagi hai yaar subah se kuch nahi khaya's photo.	
Varun Suresh shared Yenna Vazhkai Da Idhu's photo.	
Varun Suresh shared Iam குண்டலகேசி 2nd Std அவ்வையார் ஆரம்ப பாட சாலை's photo.	
Varun Suresh shared "HalloO Dubai Ahh?"'s photo.	
Varun Suresh shared Kaatu Poochi's photo.	
Just voted for Harish to Saregama's Icons NXT Talent Hunt, take a look.	
Just voted for Los to Saregama's Icons NXT Talent Hunt, like?	
Varun Suresh shared En Frienda Pola Yaru MachaN ~~'s photo.	
Varun Suresh shared I Was Alive When Sachin Tendulkar Reached 50th Century in World Cricket's album.	
Varun Suresh shared Sakshi Singh Dhoni's photo.	
Varun Suresh shared "Padipu naley Gaanda Iruku Machan"'s photo.	
Varun Suresh shared En Frienda Pola Yaru MachaN ~~'s photo.	
Varun Suresh shared "Padipu naley Gaanda Iruku Machan"'s photo.	
Varun Suresh shared Nee Enna Avalo Periya AppaTakkara's photo.	
Varun Suresh shared Bohot bhukh lagi hai yaar subah se kuch nahi khaya's photo.	
Varun Suresh shared Bohot bhukh lagi hai yaar subah se kuch nahi khaya's photo.	
Varun Suresh shared Bohot bhukh lagi hai yaar subah se kuch nahi khaya's photo.	
Varun Suresh shared "HalloO Dubai Ahh?"'s photo.	
Varun Suresh shared Yeppa Thambi. . . .Antha Ponna Kaiya PiDiChu ILuThIyA . . . .'s photo.	
Varun Suresh shared Kaatu Poochi's photo.	
Varun Suresh shared Kaatu Poochi's photo.	
Varun Suresh shared OruMokkaSite(dot)com's photo.	
Varun Suresh shared Kaatu Poochi's photo.	
Varun Suresh shared Troll Football's photo.	
Varun Suresh shared Troll Football's photo.	
Varun Suresh shared Troll Football's photo.	
Varun Suresh shared a link.	
Varun Suresh shared TROLLism's photo.	
samma songs...best is po nee po	
Varun Suresh shared Kovam varrra maadhiri comedy pannaatha.'s photo.	
Varun Suresh shared Phone Wire Pinchi Oru Vaaram Aachu's photo.	
Varun Suresh shared Yeppa Thambi. . . .Antha Ponna Kaiya PiDiChu ILuThIyA . . . .'s photo.	
Varun Suresh shared Kaatu Poochi's photo.	
Varun Suresh shared Chumma Oru Neram Pokkinu Mathram's photo.	
Varun Suresh shared ROFLIndia's photo.	
Varun Suresh shared Always vetti's photo.	
Varun Suresh shared Sathiyama solraen nee ellam urupada maataa urupada vey maaata's photo.	
Varun Suresh shared Yeppa Thambi. . . .Antha Ponna Kaiya PiDiChu ILuThIyA . . . .'s photo.	
Varun Suresh shared தமிழ் - Tamil's photo.	
Varun Suresh shared Smiley's photo.	
Varun Suresh shared Yeppa Thambi. . . .Antha Ponna Kaiya PiDiChu ILuThIyA . . . .'s photo.	
Varun Suresh shared Kaatu Poochi's photo.	
Varun Suresh shared "Padipu naley Gaanda Iruku Machan"'s photo.	
Varun Suresh shared Suresh Raina Fan club's photo.	
Varun Suresh shared Yeppa Thambi. . . .Antha Ponna Kaiya PiDiChu ILuThIyA . . . .'s photo.	
Varun Suresh shared ''EnnA KodumaA SiR IthU'''s photo.	
Varun Suresh shared We only ask for dislike button but we got tons of shit changed.'s photo.	
Varun Suresh shared Ovvoru friendum thevai machan's photo.	

Varun Suresh shared "Padipu naley Gaanda Iruku Machan"'s photo.	
http://www.youtube.com/watch?NR=1&feature=endscreen&v=3EmBfUf04bk
	
Cricket 07.....

i <3 u	
Varun Suresh shared Nee Enna Avalo Periya AppaTakkara's photo.	
Varun Suresh shared Nee Enna Avalo Periya AppaTakkara's photo.	
http://www.youtube.com/watch?v=3bqGmTwoL5w
	
Varun Suresh shared "Padipu naley Gaanda Iruku Machan"'s photo.	
Varun Suresh shared Facebuk'ai Vaazha Vaippor Sangam's photo.	
Varun Suresh shared Sathiyama solraen nee ellam urupada maataa urupada vey maaata's photo.	
Varun Suresh shared Indy Cricket's photo.	
Varun Suresh likes Tips for the Wi-Fi International Challenge and VGC on Pokemon Black 2 and Pokemon White 2.	
Varun Suresh shared ROFLIndia's photo.	
drive by!!! <3 train...u guys rok!!! \m/	
oru murai oru murai enn vizhigalil paaraayo??	
Varun Suresh shared Indian Cricket Team's album.	
Varun Suresh shared Sourav Ganguly Fans's photo.	
Varun Suresh shared a link.	
semma song	
Varun Suresh shared See more's photo.	
social question paper

mind voice

enna da vasanamae puriyala??!!??	
Varun Suresh likes Like Box - Social Plugins - Documentation - Facebook for Developers.	
Varun Suresh shared "HalloO Dubai Ahh?"'s photo.	
Varun Suresh shared Vadai Poche's photo.	
Varun Suresh shared Vadai Poche's photo.	
Varun Suresh shared Kaatu Poochi's photo.	i wish i had enough guts like him :')	
Varun Suresh shared Nee Enna Avalo Periya AppaTakkara's photo.	
Varun Suresh shared Varadha padippa va vanna eppadi varum?'s photo.	
Varun Suresh shared Kaatu Poochi's photo.	
Varun Suresh shared Vadai Poche's photo.	
Varun Suresh shared AaNiYe PuDuNgA VeNdAm's photo.	
Varun Suresh was at Madras Race Club.	
Varun Suresh shared Akshay Kumar's photo.	
Varun Suresh shared his photo.	wonder photography by me	
Varun Suresh shared Sathiyama solraen nee ellam urupada maataa urupada vey maaata's photo.	
Varun Suresh shared விஜய் ஏதிர்போரை போட்டு தள்ளும் சங்கம்-2's photo.	
Varun Suresh updated his cover photo.	
Got my wallet back in courier!!!!! Thank you Mr sathish kumar wherever u are  i am totally grateful to u	
Someone picked my pocket in the bus!!!Lost my pass!! :'(	
curse u srimathi the tuition teacher!!!	
enn frenda pola yaaru machaan!!! <3	
www.tribalwars.net	
if u hate me ................ delete me now
if u think i'm nice ............ like my status
if u think i am a good friend ........... comment on this status
if you ever liked me ........... poke me
if u like me now ......... inbox me a heart ( ♥ )
if u want to date me .........inbox me i won't tell
if u are brave ............ set this as your status	
Varun Suresh is at Valmiki Nagar Beach.	new yr get together	
this yr has been eventful thank you to my friends Abishek Don,  Akshay Kumar,  Krishna Kumar, Ashik Anwar, jayanth suriya , Santhana Gopalan who have made this year special for me...and srry to those who i hurt this yr except Srilakshmi Manoj and especially srry to Janani Harinarayanan	
Varun Suresh posted from Astrology.	
im srry Janani Harinarayanan	
Varun Suresh posted from Answers™ About Me.	
www.tribalwars.net
	
Varun Suresh added 18 new photos.	these are all my oor suthifying photos	
my dear darling onna mallika koopudraa	
────(♥)(♥)(♥)────(♥)(♥)(♥) __ ɪƒ ƴσυ'ʀє αʟσηє,
──(♥)██████(♥)(♥)██████(♥) ɪ'ʟʟ ɓє ƴσυʀ ѕɧα∂σѡ.
─(♥)████████(♥)████████(♥) ɪƒ ƴσυ ѡαηт тσ cʀƴ,
─(♥)██████████████████(♥) ɪ'ʟʟ ɓє ƴσυʀ ѕɧσυʟ∂єʀ.
──(♥)████████████████(♥) ɪƒ ƴσυ ѡαηт α ɧυɢ,
────(♥)████████████(♥) __ ɪ'ʟʟ ɓє ƴσυʀ ρɪʟʟσѡ.
──────(♥)████████(♥) ɪƒ ƴσυ ηєє∂ тσ ɓє ɧαρρƴ,
────────(♥)████(♥) __ ɪ'ʟʟ ɓє ƴσυʀ ѕɱɪʟє.
─────────(♥)██(♥) ɓυт αηƴтɪɱє ƴσυ ηєє∂ α ƒʀɪєη∂,
───────────(♥) __ ɪ'ʟʟ ʝυѕт ɓє ɱє.	
semma song	
www.tribalwars.net

its cool	
Gadget Kaushik and Venkat Adithya u guys arent brave enough to accept ur mistake!!!u gus f***	
semma comedy video	
Varun Suresh posted from Get Revealed.	
Varun Suresh added a new photo — in Chennai, Tamil Nadu.	
Varun Suresh shared TAMIL's photo.	:')...tears of joy!!! beutiful poem!!!	
mayakkam enna songs rok!!!!	
mankatha da!!!	
h8 ppl who act as ur frend 2 no ur secrets and black mail u :P	
Varun Suresh created a poll.	What is R.Ashwin's jersey number???	
"ni avana pichai edukka koodadhunnu nanaikkara....avan thiruda koodaadhunnu naa nanaikkiran...thappaa??"...nalla vasanamunga	
nanbaen da!!!!	
Varun Suresh shared Siddharth Manohar's video.	gethu by siddu
	
2day is 1 of the saddest days of my lyf....i punch my classm8 4 the 1st tym...and im really srry da saravanan	
Varun Suresh was tagged in a video.	
Varun Suresh was tagged in a video.	
COPY THIS TO YOUR STATUS AND SEE WHAT PEOPLE RATE YOU.. RATE me first 1. Violent | 2. Id marry you | 3. Sweet | 4. Beautiful | 5. Talkative | 6. Hot | 7. Fit | 8. Funny | 9. Fun | 10. Perfect | 11. I love you | 12. Miss you | 13. Retarded | 14. Random | 15. You're the best | 16. Id Date You ! | 17. Cute | 18. Gorgeous | 19. i hate you.... | 20. Crazy | 21. Trustworthy | 22. My best friend | :D :) :P :D	
2moro lv guys check our school website!!! woohoo	
[Angry Teddy]	
i just <3 sundays!!!	
andha gangae appadi dhaan da!!!! (mostly used sentence by me....those ho understand will understand)	
payomon...paayo paayo paayo	
machi....enakku oru quater sollaen :D	
konnnakol master:thkita thaam thakita thaam thakita thaam......
then suddenly "kebab!!!"	
thoda da...keezha thoda da...tharaiya thoda da...	
*C*oolaa
*C*ola pannraen
*E*ppudi?	
Varun Suresh updated his profile picture.	
Varun Suresh updated his profile picture.	hahaha	
Varun Suresh created a poll.	Who will play against Chennai Super KIngs in the final??	
monster bug wars of discovery channel rox!!!! rok on discovery channel!!!	

friday by rebecca black lyrix r horrible!!!!	
4 aadukalam audio release dhanush saying "naangellaam tsunamilla swimming pannuvom

few weeks later: japan tsunami and earthquake...1 man telling dhanush:ippodhaan tsunami vandhudhula swimming pannu paapom...
dhanush:kavuthutaayaa!!

from this u learn over scene odambukku aagaadhu vetti scene vaelaikku aagaadhu	
i want kaka briyani pls giv me	
just watched the movie 'KO'.....jeeva rox....1ly ennamo aedho is a gud song...rest r borin...namma jeevavukkum namma KOvukkum oru quarter sollu mavhi!!!	

[Love U, Bye!]	
thalaivaa sachin...go d of cricket!!! its ur b'day...even if ur 38 ur playin as though ur 28...al the best!!
[\m/:)]	
Varun Suresh published a note.	best 16 member ODI cricket squad	
KABAB!!!! \m/	
mr.boombastic!!!	
Varun Suresh likes There are four types of tv/movie watchers:
1. The Quiet One
2. The One Who Talks The...(See More).	
2 differences btwn figure and finger

1)fingera madakka mudiyum.. figura madakka mudiyaadhu
2)finger namma controlla irukku..figure namma controlla illa	
i have no prejudices...i hate every1 equally (dis is copy 1ly...pls donot ask from wer i copied from)	
Varun Suresh shared a link.	
i hate kumaraswamy sir!!!	
2mro cricket coachin practice match 20-20...wish me luck!!!	
just woke up...my head is spinnin lyc hell!!	
Varun Suresh updated his profile picture.	
Varun Suresh updated his profile picture.	
Varun Suresh updated his profile picture.	
Varun Suresh updated his profile picture.	
I LUV INDIA
I LUV SACHIN
I LUV DHONI
 BEST OF ALL IS DAT I LUV CRICKET	
im hungry!!!	
india vs aussies...u guys no y the aussies hav gone bak...coz they're 2 weak...but u can nvr count out the aussies..the r fighters...i pray LORD dat india shud win and sachin shud not hit a century (bcoz if sachin hits a century india will lose :( )	
does anyone know wer i can hear national anthems of different countries except youtube	
annual exams r virtually over!!	
im goin 2 the ICC Cricket World Cup on sunday...india vs west indies...tell me if u c me on TV	
ulagamellam unadhallavaa....un idhayam mattum enadhallavaa....	
i <3 the indian cricket team!!!!! jai ho!!!!	
2day 1st match of the WC...its india vs bangladesh...india r the favourites 2 win but u can nver underestimte the tigers...all the best india!!! \m/	

unlucky day......im no1s valentine... :P	
jayshree's song :P	
jayshree..best song is....evan di unna pethaan pethaan pethaan pethaan	
yathe yathe ennaacho....	
Varun Suresh likes i-like-u-like.info - This website is for sale! - i-like-u-like Resources and Information.	
jai hind and have a gr8 republic day vande mataram	
Varun Suresh likes Google URL Shortener.	
Varun Suresh likes 无法找到该页 on ♥.	
Varun Suresh likes Hot-quotes.info.	
Varun Suresh shared a link.	
Varun Suresh is playing Games on Mindjolt.	
happy maattu pongl guys...and the mokkai 4 pongal is...
kanna kabaddi aadalaam,cricket aadalaam,football aadalaam....aanaal aanavathil aadavae koodadhu	
Varun Suresh likes The lives of our parents in our hands on Causes.	
east or west north or south.....new yr celebrations no1 can liv without	
Varun Suresh posted from Astrology.	
Varun Suresh posted from Lucky Box[daily].	
suresh kudumbam saarbaaga christmas matrum iniya puthaandu nall vaazhukkal..
a very merry christmas and a very happy new year from the suresh family	
has just had braces...ma teeth hurt :(	
happy holidays 2 all from psbb...and wishin every1 a happy journey ho r goin 2 yercaud	
Varun Suresh shared a link.	
Varun Suresh shared a link.	
Varun Suresh likes Zapak - Best FREE games on the web on Zapak.	
if i were the CM of TN i would say in Varun TV:

ENGLISHERGALAE! ENGLISHERGALAE! NEENGAL ENNAI KADALIL THOOKIPOTAALLUM NAAN TITANICAAGA KOUNDHUVIDUVAEN...NEENGAL IDHIL PAIYANAM SEIDHU SAAVALAAM	
happy bday rajini	
Varun Suresh added a new photo.	
Varun Suresh updated his profile picture.	
report card is homw....succesfully parents happy bout ma marx	
boy 1 tells his gf :i luv u bcoz ur so beautiful
boy 2 thinx:adangoppuraanae idhu olaga nadippappaa saami!!	
Varun Suresh posted from Answers™ About Me.	
just watched hp7...fantastic!!!!!!!	
Varun Suresh posted from THE WTF GAME.	

Varun Suresh likes Hey I Like.	
apple tree yirilirundhu apple kidaikkum.mango tree yilirundhu mango kidaikkum...anaal vetri yilirindhu vettu kidaikkumaa?????	
Varun Suresh likes http://likans.ccd.biz/p.php?p=12154.	
Varun Suresh likes likee.info.	
der is no meaning 4 a rain holiday...bcoz every holiday its a bright sunny day :D	
Varun Suresh likes I'm not in a bad mood i'm just being quiet for once in my life, enjoy it while it lasts (: on Mylike! (Page).	
s in 4e	
santro,akshay,laki bcoz they hav the mindset as mine	
no	
yes	
GREEN DAY: U ROCK!!!!!	
jeethaegaa bhai jeetaegaa!!!! india jeethaegaa	
england vs pakistan banner jokes:
1) pakistan hav won the toss and elected 2 bet
2) butt and sidebottom make a gud pair	
samma comedy	
injured my rite hand wile playin cricket.cant raise my hand :'(	
had a happy time burstin crakers wit my frends but rain played spoil sport	
Varun Suresh updated his profile picture.	
im now fit as fiddle :) <3 ,# very happy =)	
not welll...........got hurt on leg...........not a gud day 4 me....but i wanna play in games period.wat 2 ...i cant	
my gr8 talx of the day

sl song:idhellam doop sl dhaan soap

nxt thathuvam:panniga dhaan soap podum.....singam sincereaa padikum

i hope this is a gud karuthu 4 ppl ho put soap 2 teachers.....	
had a gr8 time with santro,poori,akshi,ag,ashik,jayanth in the project.could hav kept it like games carnival =)	
wine beernnu sonna udhadugal ottaadhu...rum endru sonaal udadhugal ottum	
oru ballikku dhaan innoru balli(lakshanth) theriyum	
i am basically a sombaeri	
(a+b)2=a2+b2+2ab:ag dilog.....idhil aedho ul artham irukkunnu nanaikkraen..
a=ag
b=????(i think v no)
so if v add
2 things like ag wil cum
...2 things like b wil cum
and 2 things like both ag and b wil cum	
yes!!!yes!! i am evil (might be like doofenshmirtz,but its tru)	
oorla pathu pathinanju galfrend vechikkaravanlaam santoshama irukkaanga...indha oru gay frend(ag)vechindu naa padra avasthaiya ayayayyaoooo	

overaa luv pannra paiyannum overaa teacher kitta sollra ponnum onna vazhndha saritharamae illa	
great batsman	

i <3 iktara from wake up sid	

oorla pathu pathinanju parliament vechikkara country ellaam santhoshamaa irukkaanga anna indha oru skool assemblya vechindu naa padra avasthaiya ayayayayaooooo	
taylor swift's teardrop on my guitar is so touching	
oorla pathu pathinanju maamaram,vazhamaram vechikkaravanlaam santoshamaa irukkaanga.indha oru thaengaava (srimukhi) vechindu naa padra avasthaiya ayayayayyaoooo	
oorla pathu pathinanju maamaram,vazhamaram vechikkaravanlaam santoshamaa irukkaanga.indha oru thaengaava (srimukhi) vechindu naa padra avasthaiya ayayayayyaoooo	
frndA and frndB r partners

frnd A : machaan naalikku varamaataen da
frnd B : aen da
frnd A :oorukku poraen da
frnd B :apaada baga vechikka idam kadachaachu
frnd A:????????????????????????????????????????	
machaan kochikkitiyaa????? aamaam....seri kochikka kochikka :D	
Varun Suresh likes HugeDomains.com - LikingEverything.com is for Sale (Liking Everything).	
oorla pathu pathinanju aruvaal vechikkaravanlaam santoshamaa irukkaanga anaal indha oru bladea(siddu) vechindu naan padra avasthaiya ayayayyayayaooooooo	
Varun Suresh updated his profile picture.	super	
Varun Suresh updated his profile picture.	
oorula pathu pathinanju benz car vechikkaravnlaam santhoshamaa irukkaanga.....anaal indha oru santrova vechu naan padra avasthaiya ayayayyayayaooooooo	
is any1 online???? nope. lets listen 2 songs..........	
Varun Suresh posted from Get Revealed.	
vaavaa aadalaam super kingsai anbaal vadikattu	
Varun Suresh likes Omglikeme.info.	
Varun Suresh updated his profile picture.	
kaatru namadhu uyir naadi...kaatru illai endraal naam dead body.....so stop polluting the air to lead a healthy and a happy life.	
bushrangers busssssss	
Varun Suresh likes cutefanpages.com.	
enga thala dhonikku periya whistle adinga!!!!!	
Chennai Super Kingsukku Whistle Podu!!!!!!	
who cares about the time???? just watch CSK play!!!!!	
Varun Suresh likes http://al38.pagerock.com/dark-night-heavy-ra.	
who is the most difficult bowler u hav faced	
who is the most difficult u hav faced	
Varun Suresh is playing SocialBuzz.	
8h rox!!!!psbb rox!!! india rox !!!!!!!!!!	
wats the difference between justin bieber and miley cyrus:hes a boy and shes a lady while the voices r the same	
i think endhiran will b a super duper hit :P	
bulba lakadi giri giri japaan veetu vadakari	
Varun Suresh likes http://www.inceptionfailed.info/.	
naan magaan alla...naan kadavul	
again no skool 4 5 days... whole day jolly day kavalaikellam holiday	

Varun Suresh likes Me Like This - Surf our Likes.	
today anniversary : have to see 2 shows continuously :(	
Jai Hind!!! Bharat Maatha ki Jai!!	
Varun Suresh posted from Toilet Paper Roll.	
5 days leave + exam postpone + skool anniversary = varun's enjoyment	
who is cuming to play football with basket ball in games period on monday	
thoppalavaum agvum seriyana loosu pasanga	

thappu naan 12 yrs old dhane	
ay thappu da naan 153 cm	
andha gundu mathuram seriyaanaloosu madham pidicha yaanai... vetti scene udurudhu	
srimukkhi senja orae vallai idhu dahn : HAND GAMES AADALAAM!!!!!!! :D	

getting sharan duck out in chickolibaa is my fav pass time	
Varun Suresh posted from click.	
enna mama soukyama	

bhajji............ wat a six!!!!!	
Varun Suresh updated his profile picture.	
so sad all the ppl i hav supported from yesterday hav lost	
Varun Suresh is playing FarmVille.	
go brazil go!!! show those koreans whta ur made of!!	
pele is the god of football and brazil is the home of football.	
i hate maradonaa but wat can i do i just love his dribbling	
Varun Suresh updated his profile picture.	pele the great	
cheering for usa against england sonce its my home nation :P	
Varun Suresh shared Brian Lara's note.	super lara	
south africa........ thot they were a promising team.... but drawing and match u wanna win is like suicide!!! bur go brazil!!! go brazil!!!	
4th day of skoola nd its like we r gonna rite annual exam so much of hw !!! :(	
Hhw inum mudikalai skool theraka inum 1week dhan iruke..surea kumaresh um jayashree um last day anike mudichirupange its all in the game..	
anyone want the site of that 100 geographical dictionary ask me!!	
if anyone of u want fifa world cup 2010 anthem lyrics just ask me!!	
Varun Suresh likes K'naan - Fifa World Cup Athem South Africa 2010 Lyrics | MetroLyrics on MetroLyrics.	
Varun Suresh likes Train - Hey Soul Sister Lyrics | MetroLyrics on MetroLyrics.	
Varun Suresh likes K'naan - Wavin' Flag Lyrics | MetroLyrics on MetroLyrics.	
when i get older,
i will be stronger,
theyll call me freedom
just like the waving flag
and then it goes back and then it goes back	
everyone has gone out of station........wat am i supposed to do alone??????	
Varun Suresh likes Jesse McCartney - Beautiful Soul Lyrics | MetroLyrics on MetroLyrics.	
beautiful soul of jesse mccartney is awesome!!!!!	
i dont like the weather of chennai but there is no other choice	
holiday homework this year is very easy :)	
orae madhiree dhan irukku 	
bore adikkudhu. nothing there to do. :(	
science the breathe of everything	

so boring without friends and handcricket	
holiday homeworkkunnu oru vetti velai edhuvum illai!!	
ennaoda qualitylaa idhula illavae illai.
hehehe	
whole day jolly day kavalaikellaam holiday! :)	

Varun Suresh added a new photo.	super	
enakku oru cow venumadaa
	
Varun Suresh added 2 new photos.	
